method,wd,seed,s,x,y
真の線形,,-1,0.0,0.0,0.0
真の線形,,-1,0.4,0.39999999999642677,8.888888887747222e-07
真の線形,,-1,0.8,0.7999999999443471,7.111111110891331e-06
真の線形,,-1,1.2000000000000002,1.1999999995657566,2.399999999237923e-05
真の線形,,-1,1.6,1.5999999981627595,5.6888888831648305e-05
真の線形,,-1,2.0,1.9999999944477276,0.00011111111089489778
真の線形,,-1,2.4000000000000004,2.3999999861861094,0.00019199999921924916
真の線形,,-1,2.8000000000000003,2.7999999701153455,0.00030488888655181174
真の線形,,-1,3.2,3.1999999417162286,0.000455111105121629
真の線形,,-1,3.6,3.5999998950226137,0.00064799998650593
真の線形,,-1,4.0,3.9999998222438764,0.0008888888607345047
真の線形,,-1,4.4,4.399999713687483,0.0011831110561231206
真の線形,,-1,4.800000000000001,4.799999557596665,0.001535999898687451
真の線形,,-1,5.2,5.199999339892312,0.0019528887116483742
真の線形,,-1,5.6000000000000005,5.599999043888305,0.0024391108137851386
真の線形,,-1,6.0,5.999998650025137,0.002999999518022838
真の線形,,-1,6.4,6.399998135861329,0.003640888131362521
真の線形,,-1,6.800000000000001,6.799997475754923,0.004367109952601157
真の線形,,-1,7.2,7.199996640735116,0.0051839982720520835
真の線形,,-1,7.6000000000000005,7.599995598078371,0.006096886366883579
真の線形,,-1,8.0,7.999994311145625,0.007111107499514536
真の線形,,-1,8.4,8.399992739375453,0.00823199491751322
真の線形,,-1,8.8,8.799990837924884,0.009464881848960799
真の線形,,-1,9.200000000000001,9.199988557567208,0.01081510150224974
真の線形,,-1,9.600000000000001,9.599985844261596,0.012287987058159176
真の線形,,-1,10.0,9.999982638953522,0.013888871666566317
真の線形,,-1,10.4,10.399978877574771,0.015623088446446474
真の線形,,-1,10.8,10.799974490799217,0.017495970480660598
真の線形,,-1,11.200000000000001,11.199969403745499,0.019512850811423482
真の線形,,-1,11.600000000000001,11.59996353578612,0.021679062434300907
真の線形,,-1,12.0,11.999956800137204,0.02399993828770125
真の線形,,-1,12.4,12.399949103855679,0.026480811252808753
真の線形,,-1,12.8,12.79994034778246,0.029127014151724133
真の線形,,-1,13.200000000000001,13.199930426038105,0.031943879732727866
真の線形,,-1,13.600000000000001,13.599919226074713,0.03493674067289591
真の線形,,-1,14.0,13.999906628109237,0.03811092955625078
真の線形,,-1,14.4,14.399892505017442,0.041471778869984995
真の線形,,-1,14.8,14.799876722333885,0.04502462100446099
真の線形,,-1,15.200000000000001,15.199859138021315,0.04877478824303701
真の線形,,-1,15.600000000000001,15.599839602081122,0.052727612747784446
真の線形,,-1,16.0,15.999817956489556,0.05688842655432528
真の線形,,-1,16.400000000000002,16.39979403468844,0.06126256154613848
真の線形,,-1,16.8,16.79976766157433,0.06585534945404527
真の線形,,-1,17.2,17.199738653492403,0.07067212185583419
真の線形,,-1,17.6,17.59970681777423,0.07571821014961201
真の線形,,-1,18.0,17.999671952678753,0.0809989455537108
真の線形,,-1,18.400000000000002,18.39963384698433,0.08651965907725583
真の線形,,-1,18.8,18.79959227971548,0.0922856815023848
真の線形,,-1,19.200000000000003,19.199547020142923,0.0983023433842484
真の線形,,-1,19.6,19.599497827710003,0.10457497504534949
真の線形,,-1,20.0,19.99944445149127,0.11110890653674316
真の線形,,-1,20.400000000000002,20.399386630261876,0.1179094676440795
真の線形,,-1,20.8,20.79932409193684,0.12498198783914952
真の線形,,-1,21.200000000000003,21.199256553480613,0.13233179627251307
真の線形,,-1,21.6,21.599183720907064,0.13996422177349843
真の線形,,-1,22.0,21.99910528900815,0.14788459282469496
真の線形,,-1,22.400000000000002,22.399020941016712,0.1560982375340355
真の線形,,-1,22.8,22.798930348463735,0.16461048361689384
真の線形,,-1,23.200000000000003,23.198833170758107,0.1734266583527415
真の線形,,-1,23.6,23.598729055183643,0.18255208858485394
真の線形,,-1,24.0,23.998617636843683,0.19199210071385103
真の線形,,-1,24.400000000000002,24.398498538162336,0.20175202064251388
真の線形,,-1,24.8,24.798371368890823,0.2118371737775381
真の線形,,-1,25.200000000000003,25.19823572559974,0.2222528849644354
真の線形,,-1,25.6,25.598091191586384,0.23300447847621392
真の線形,,-1,26.0,25.997937336872237,0.24409727801302053
真の線形,,-1,26.400000000000002,26.397773717835985,0.2555366066524235
真の線形,,-1,26.8,26.79759987705345,0.26732778683134645
真の線形,,-1,27.200000000000003,27.197415342949512,0.2794761402916688
真の線形,,-1,27.6,27.5972196295536,0.29198698804442536
真の線形,,-1,28.0,27.997012236499714,0.30486565036980695
真の線形,,-1,28.400000000000002,28.39679264881691,0.31811744678361525
真の線形,,-1,28.8,28.796560336579667,0.3317476959851069
真の線形,,-1,29.200000000000003,29.196314754744527,0.34576171582605636
真の線形,,-1,29.6,29.596055342778623,0.36016482324689786
真の線形,,-1,30.0,29.99578152465546,0.3749623342760228
真の線形,,-1,30.400000000000002,30.395492708716926,0.39015956400413343
真の線形,,-1,30.8,30.795188287270847,0.40576182651319875
真の線形,,-1,31.200000000000003,31.194867636480257,0.42177443485270166
真の線形,,-1,31.6,31.594530115954058,0.4382027009582336
真の線形,,-1,32.0,31.994175068730655,0.45505193564833624
真の線形,,-1,32.4,32.39380182116463,0.472327448600397
真の線形,,-1,32.800000000000004,32.7934096825219,0.49003454826826537
真の線形,,-1,33.2,33.19299794487121,0.5081785418565702
真の線形,,-1,33.6,33.592565882674926,0.526764735227909
真の線形,,-1,34.0,33.99211275276679,0.5457984328979586
真の線形,,-1,34.4,34.391637794236004,0.5652849380075682
真の線形,,-1,34.800000000000004,34.79114022803656,0.5852295522325729
真の線形,,-1,35.2,35.190619256861915,0.6056375757505753
真の線形,,-1,35.6,35.59007406475394,0.6265143071410086
真の線形,,-1,36.0,35.98950381708433,0.6478650433805097
真の線形,,-1,36.4,36.388907660413615,0.6696950798048729
真の線形,,-1,36.800000000000004,36.78828472212916,0.6920097100153647
真の線形,,-1,37.2,37.1876341102855,0.7148142258312551
真の線形,,-1,37.6,37.58695491324968,0.7381139171885829
真の線形,,-1,38.0,37.98624619969162,0.7619140721374904
真の線形,,-1,38.400000000000006,38.385507018393,0.7862199767848003
真の線形,,-1,38.800000000000004,38.784736397941174,0.8110369152062097
真の線形,,-1,39.2,39.18393334650693,0.8363701693730444
真の線形,,-1,39.6,39.58309685155182,0.8622250190596173
真の線形,,-1,40.0,39.98222587982547,0.8886067418423683
真の線形,,-1,40.400000000000006,40.38131937709644,0.9155206130104323
真の線形,,-1,40.800000000000004,40.780376267942934,0.9429719055000013
真の線形,,-1,41.2,41.179395455430345,0.9709658897781197
真の線形,,-1,41.6,41.5783758209115,0.9995078337728766
真の線形,,-1,42.0,41.97731622401274,1.0286030028681912
真の線形,,-1,42.400000000000006,42.37621550229938,1.0582566597817902
真の線形,,-1,42.800000000000004,42.77507247113503,1.0884740645161122
真の線形,,-1,43.2,43.17388592329463,1.1192604742059016
真の線形,,-1,43.6,43.57265462885003,1.1506211430742552
真の線形,,-1,44.0,43.97137733512373,1.1825613224136917
真の線形,,-1,44.400000000000006,44.37005276632173,1.215086260439992
真の線形,,-1,44.800000000000004,44.7686796234114,1.2482012022423268
真の線形,,-1,45.2,45.167256583729014,1.2819113896146475
真の線形,,-1,45.6,45.56578230092783,1.3162220610338835
真の線形,,-1,46.0,45.96425540487202,1.3511384516126341
真の線形,,-1,46.400000000000006,46.36267450128569,1.386665792947321
真の線形,,-1,46.800000000000004,46.761038171595736,1.4228093130436952
真の線形,,-1,47.2,47.15934497259042,1.4595742361573414
真の線形,,-1,47.6,47.55759343640537,1.4969657827872886
真の線形,,-1,48.0,47.95578207031904,1.5349891695767128
真の線形,,-1,48.400000000000006,48.353909356493574,1.5736496091920478
真の線形,,-1,48.800000000000004,48.751973751714814,1.6129523101874619
真の線形,,-1,49.2,49.1499736871567,1.652902476885401
真の線形,,-1,49.6,49.54790756837101,1.6935053093710608
真の線形,,-1,50.0,49.94577377498125,1.7347660033314167
真の線形,,-1,50.400000000000006,50.34357066053249,1.7766897499792225
真の線形,,-1,50.800000000000004,50.74129655212674,1.8192817358479205
真の線形,,-1,51.2,51.138949750305024,1.8625471427267457
真の線形,,-1,51.6,51.53652852900071,1.9064911476335655
真の線形,,-1,52.0,51.93403113519035,1.9511189226168195
真の線形,,-1,52.400000000000006,52.33145578876914,1.9964356346828036
真の線形,,-1,52.800000000000004,52.728800682178694,2.0424464455695643
真の線形,,-1,53.2,53.12606398036137,2.0891565117196853
真の線形,,-1,53.6,53.52324382064478,2.1365709842076925
真の線形,,-1,54.0,53.920338312416405,2.1846950085414534
真の線形,,-1,54.400000000000006,54.31734553695645,2.23353372455061
真の線形,,-1,54.800000000000004,54.7142635471278,2.2830922661834303
真の線形,,-1,55.2,55.11109036736675,2.3333757615008324
真の線形,,-1,55.6,55.507823993458594,2.3843893325240195
真の線形,,-1,56.0,55.90446239232399,2.4361380950952545
真の線形,,-1,56.400000000000006,56.30100350173442,2.4886271586718545
真の線形,,-1,56.800000000000004,56.697445230119996,2.541861626190291
真の線形,,-1,57.2,57.09378545655326,2.5958465940540423
真の線形,,-1,57.6,57.490022030440855,2.6505871519083213
真の線形,,-1,58.0,57.88615277139385,2.706088382547682
真の線形,,-1,58.400000000000006,58.282175468870356,2.7623553616376304
真の線形,,-1,58.800000000000004,58.678087882084924,2.819393157645444
真の線形,,-1,59.2,59.073887739951516,2.877206831794246
真の線形,,-1,59.6,59.46957274075024,2.935801437801393
真の線形,,-1,60.0,59.86514055200714,2.9951820217797236
真の線形,,-1,60.400000000000006,60.26058881014896,3.05535362194788
真の線形,,-1,60.800000000000004,60.65591512047059,3.116321268603564
真の線形,,-1,61.2,61.05111705700942,3.1780899840144805
真の線形,,-1,61.6,61.44619216225032,3.2406647821698895
真の線形,,-1,62.0,61.84113794695601,3.3040506686238107
真の線形,,-1,62.400000000000006,62.23595188988947,3.36825264024424
真の線形,,-1,62.800000000000004,62.63063143780798,3.433275685207812
真の線形,,-1,63.2,63.02517400524058,3.499124782791398
真の線形,,-1,63.6,63.41957697430121,3.565804903204532
真の線形,,-1,64.0,63.813837694412584,3.633321007313836
真の線形,,-1,64.4,64.20795348213596,3.7016780464769607
真の線形,,-1,64.8,64.60192162115624,3.7708809625273036
真の線形,,-1,65.2,64.99573936199344,3.8409346874829606
真の線形,,-1,65.60000000000001,65.38940392188601,3.911844143432646
真の線形,,-1,66.0,65.78291248445908,3.9836142421787386
真の線形,,-1,66.4,66.17626219963792,4.056249885146026
真の線形,,-1,66.8,66.56945018360243,4.129755963331115
真の線形,,-1,67.2,66.96247351847765,4.204137356966342
真の線形,,-1,67.60000000000001,67.35532925223225,4.279398935405832
真の線形,,-1,68.0,67.74801439835345,4.355545556747677
真の線形,,-1,68.4,68.14052593581009,4.432582067791807
真の線形,,-1,68.8,68.5328608089609,4.510513303929607
真の線形,,-1,69.2,68.92501592726603,4.58934408880641
真の線形,,-1,69.60000000000001,69.3169881651615,4.669079234160936
真の線形,,-1,70.0,69.70877436177894,4.749723539472814
真の線形,,-1,70.4,70.10037132093485,4.831281791949389
真の線形,,-1,70.8,70.49177581097824,4.913758766326625
真の線形,,-1,71.2,70.88298456456518,4.997159224585393
真の線形,,-1,71.60000000000001,71.27399427847516,5.081487915693379
真の線形,,-1,72.0,71.66480161340041,5.16674957531752
真の線形,,-1,72.4,72.05540319394329,5.252948925820279
真の線形,,-1,72.8,72.4457956084008,5.340090675953524
真の線形,,-1,73.2,72.8359754086234,5.428179520668346
真の線形,,-1,73.60000000000001,73.22593910976057,5.517220140726813
真の線形,,-1,74.0,73.61568319012733,5.6072172025033655
真の線形,,-1,74.4,74.00520409119272,5.698175357966706
真の線形,,-1,74.8,74.39449821732991,5.7900992442931996
真の線形,,-1,75.2,74.78356193572166,5.882993483727127
真の線形,,-1,75.60000000000001,75.17239157607882,5.976862683111932
真の線形,,-1,76.0,75.56098343055983,6.071711433759105
真の線形,,-1,76.4,75.9493337537445,6.167544311402636
真の線形,,-1,76.80000000000001,76.33743876237303,6.264365875758295
真の線形,,-1,77.2,76.72529463527145,6.362180670397926
真の線形,,-1,77.60000000000001,77.1128975130734,6.460993222240492
真の線形,,-1,78.0,77.5002434981734,6.560808041468883
真の線形,,-1,78.4,77.88732865468593,6.661629621451775
真の線形,,-1,78.80000000000001,78.27414900818663,6.7634624382633985
真の線形,,-1,79.2,78.66070054562714,6.866310950514878
真の線形,,-1,79.60000000000001,79.04697921511111,6.9701795989030435
真の線形,,-1,80.0,79.43298092587162,7.075072806166335
PINN,10.0,0,0.0,0.0,0.0
PINN,10.0,0,0.4,0.4005756977527331,0.0007938661445307804
PINN,10.0,0,0.8,0.801130902685465,0.0015928576534362082
PINN,10.0,0,1.2000000000000002,1.2016653784509117,0.0024005443590824132
PINN,10.0,0,1.6,1.602178916807639,0.0032205416154244214
PINN,10.0,0,2.0,2.0026713369862668,0.004056509981134077
PINN,10.0,0,2.4000000000000004,2.40314248504751,0.004912154894740506
PINN,10.0,0,2.8000000000000003,2.803592233232293,0.005791226341842565
PINN,10.0,0,3.2,3.20402047930421,0.0066975185144645625
PINN,10.0,0,3.6,3.604427145884544,0.007634869462612359
PINN,10.0,0,4.0,4.004812179780136,0.008607160738096253
PINN,10.0,0,4.4,4.405175551304325,0.009618317030687313
PINN,10.0,0,4.800000000000001,4.80551725359125,0.01067230579667209
PINN,10.0,0,5.2,5.205837301903746,0.011773136879866412
PINN,10.0,0,5.6000000000000005,5.606135732935092,0.012924862125154615
PINN,10.0,0,6.0,6.006412604104923,0.01413157498462686
PINN,10.0,0,6.4,6.406667992849507,0.015397410116365685
PINN,10.0,0,6.800000000000001,6.806901995906686,0.01672654297595662
PINN,10.0,0,7.2,7.207114728595743,0.01812318940078188
PINN,10.0,0,7.6000000000000005,7.607306324092491,0.019591605187167165
PINN,10.0,0,8.0,8.007476932699797,0.021136085660438786
PINN,10.0,0,8.4,8.407626721113862,0.022760965237955372
PINN,10.0,0,8.8,8.80775587168651,0.024470616985182093
PINN,10.0,0,9.200000000000001,9.207864581683745,0.026269452164867334
PINN,10.0,0,9.600000000000001,9.607953062540929,0.028161919779377438
PINN,10.0,0,10.0,10.008021539114687,0.030152506106264076
PINN,10.0,0,10.4,10.408070248932024,0.032245734227114395
PINN,10.0,0,10.8,10.808099441436747,0.0344461635497437
PINN,10.0,0,11.200000000000001,11.208109377233592,0.03675838932380315
PINN,10.0,0,11.600000000000001,11.608100327330275,0.039187042149847376
PINN,10.0,0,12.0,12.008072572377719,0.041736787481919606
PINN,10.0,0,12.4,12.408026401908822,0.044412325123731555
PINN,10.0,0,12.8,12.807962113575906,0.047218388718466286
PINN,10.0,0,13.200000000000001,13.207880012387276,0.0501597452322878
PINN,10.0,0,13.600000000000001,13.60778040994302,0.053241194431589436
PINN,10.0,0,14.0,14.007663623670418,0.05646756835404873
PINN,10.0,0,14.4,14.407529976059214,0.059843730773544435
PINN,10.0,0,14.8,14.807379793896967,0.06337457665897858
PINN,10.0,0,15.200000000000001,15.207213407504796,0.0670650316270599
PINN,10.0,0,15.600000000000001,15.607031149973851,0.07092005138910112
PINN,10.0,0,16.0,16.006833356402616,0.07494462119188805
PINN,10.0,0,16.400000000000002,16.406620363135474,0.07914375525265135
PINN,10.0,0,16.8,16.806392507002684,0.08352249618820064
PINN,10.0,0,17.2,17.206150124562125,0.08808591443828898
PINN,10.0,0,17.6,17.605893551343005,0.09283910768320355
PINN,10.0,0,18.0,18.005623121091755,0.09778720025569027
PINN,10.0,0,18.400000000000002,18.405339165020536,0.1029353425472084
PINN,10.0,0,18.8,18.805042011058397,0.10828871040859847
PINN,10.0,0,19.200000000000003,19.204731983105535,0.11385250454517079
PINN,10.0,0,19.6,19.604409400290727,0.11963194990629712
PINN,10.0,0,20.0,20.00407457623237,0.12563229506951518
PINN,10.0,0,20.400000000000002,20.40372781830318,0.13185881161922816
PINN,10.0,0,20.8,20.803369426899025,0.13831679351995854
PINN,10.0,0,21.200000000000003,21.20299969471182,0.14501155648434086
PINN,10.0,0,21.6,21.602618906007173,0.15194843733573307
PINN,10.0,0,22.0,22.0022273359065,0.15913279336561292
PINN,10.0,0,22.400000000000002,22.401825249674246,0.16657000168571623
PINN,10.0,0,22.8,22.801412902010306,0.17426545857502507
PINN,10.0,0,23.200000000000003,23.200990536347753,0.18222457882158646
PINN,10.0,0,23.6,23.600558384156386,0.19045279505923146
PINN,10.0,0,24.0,24.000116664252,0.19895555709923451
PINN,10.0,0,24.400000000000002,24.399665582111894,0.2077383312569558
PINN,10.0,0,24.8,24.79920532919649,0.2168065996734814
PINN,10.0,0,25.200000000000003,25.198736082277748,0.22616585963231362
PINN,10.0,0,25.6,25.598258002774095,0.23582162287117184
PINN,10.0,0,26.0,25.997771236092397,0.24577941488891
PINN,10.0,0,26.400000000000002,26.397275910977093,0.2560447742476209
PINN,10.0,0,26.8,26.796772138866658,0.2666232518699332
PINN,10.0,0,27.200000000000003,27.196260013257607,0.2775204103315772
PINN,10.0,0,27.6,27.59573960907631,0.288741823149222
PINN,10.0,0,28.0,27.99521098205868,0.3002930740636783
PINN,10.0,0,28.400000000000002,28.39467416813796,0.3121797563184577
PINN,10.0,0,28.8,28.79412918284094,0.32440747193374503
PINN,10.0,0,29.200000000000003,29.19357602069262,0.33698183097584933
PINN,10.0,0,29.6,29.593014654629396,0.34990845082215066
PINN,10.0,0,30.0,29.99244503542135,0.36319295542160235
PINN,10.0,0,30.400000000000002,30.391867091103343,0.37684097455083804
PINN,10.0,0,30.8,30.79128072641536,0.39085814306590616
PINN,10.0,0,31.200000000000003,31.19068582225225,0.40525010014972085
PINN,10.0,0,31.6,31.59008223512281,0.4200224885552316
PINN,10.0,0,32.0,31.989469796618746,0.4351809538444123
PINN,10.0,0,32.4,32.38884831289321,0.450731143623078
PINN,10.0,0,32.800000000000004,32.788217564149456,0.4666787067716224
PINN,10.0,0,33.2,33.18757730413946,0.48302929267167827
PINN,10.0,0,33.6,33.58692725967296,0.49978855042883513
PINN,10.0,0,34.0,33.98626713013664,0.5169621280913994
PINN,10.0,0,34.4,34.38559658702395,0.5345556718652895
PINN,10.0,0,34.800000000000004,34.78491527347554,0.5525748253251545
PINN,10.0,0,35.2,35.18422280383043,0.5710252286217339
PINN,10.0,0,35.6,35.583518763187996,0.5899125176855345
PINN,10.0,0,36.0,35.982802706981076,0.6092423234269343
PINN,10.0,0,36.4,36.38207416056002,0.6290202709327591
PINN,10.0,0,36.800000000000004,36.78133261878807,0.6492519786593538
PINN,10.0,0,37.2,37.180577545647914,0.6699430576223377
PINN,10.0,0,37.6,37.579808373859805,0.6910991105830515
PINN,10.0,0,38.0,37.97902450451103,0.7127257312317248
PINN,10.0,0,38.400000000000006,38.37822530669712,0.7348285033675923
PINN,10.0,0,38.800000000000004,38.77741011717455,0.7574130000759263
PINN,10.0,0,39.2,39.1765782400254,0.7804847829020922
PINN,10.0,0,39.6,39.57572894633377,0.8040494010228272
PINN,10.0,0,40.0,39.974861473874036,0.828112390414617
PINN,10.0,0,40.400000000000006,40.37397502681118,0.8526792730195749
PINN,10.0,0,40.800000000000004,40.77306877541326,0.8777555559086069
PINN,10.0,0,41.2,41.17214185577579,0.9033467304422161
PINN,10.0,0,41.6,41.571193369558436,0.9294582714289384
PINN,10.0,0,42.0,41.97022238373393,0.956095636281528
PINN,10.0,0,42.400000000000006,42.36922793034922,0.9832642641710497
PINN,10.0,0,42.800000000000004,42.768209006298946,1.0109695751789518
PINN,10.0,0,43.2,43.16716457311141,1.0392169694473021
PINN,10.0,0,43.6,43.566093556746715,1.0680118263272298
PINN,10.0,0,44.0,43.96499484740766,1.097359503525818
PINN,10.0,0,44.400000000000006,44.36386729936277,1.1272653362514475
PINN,10.0,0,44.800000000000004,44.76270973078211,1.157734636357839
PINN,10.0,0,45.2,45.16152092358549,1.1887726914869439
PINN,10.0,0,45.6,45.56029962330322,1.2203847642106527
PINN,10.0,0,46.0,45.95904453894942,1.2525760911717532
PINN,10.0,0,46.400000000000006,46.35775434290799,1.2853518822240593
PINN,10.0,0,46.800000000000004,46.756427670830966,1.318717319571967
PINN,10.0,0,47.2,47.15506312154971,1.352677556909575
PINN,10.0,0,47.6,47.55365925699843,1.387237718559603
PINN,10.0,0,48.0,47.95221460215049,1.4224028986121402
PINN,10.0,0,48.400000000000006,48.35072764496714,1.4581781600635757
PINN,10.0,0,48.800000000000004,48.74919683635876,1.4945685339557042
PINN,10.0,0,49.2,49.14762059015891,1.5315790185153446
PINN,10.0,0,49.6,49.54599728311064,1.569214578294601
PINN,10.0,0,50.0,49.94432525486532,1.607480143311886
PINN,10.0,0,50.400000000000006,50.342602807994155,1.6463806081940722
PINN,10.0,0,50.800000000000004,50.74082820801177,1.6859208313197631
PINN,10.0,0,51.2,51.13899968341265,1.7261056339640564
PINN,10.0,0,51.6,51.53711542571956,1.766939799444942
PINN,10.0,0,52.0,51.93517358954453,1.8084280722715396
PINN,10.0,0,52.400000000000006,52.33317229266202,1.8505751572943654
PINN,10.0,0,52.800000000000004,52.731109616094315,1.8933857188579513
PINN,10.0,0,53.2,53.128983604209154,1.9368643799558978
PINN,10.0,0,53.6,53.52679226482944,1.981015721388749
PINN,10.0,0,54.0,53.92453356935509,2.025844280924729
PINN,10.0,0,54.400000000000006,54.32220545289678,2.0713545524637675
PINN,10.0,0,54.800000000000004,54.719805814421676,2.1175509852049323
PINN,10.0,0,55.2,55.11733251691111,2.1644379828175344
PINN,10.0,0,55.6,55.51478338752987,2.2120199026161873
PINN,10.0,0,56.0,55.91215621780747,2.260301054739979
PINN,10.0,0,56.400000000000006,56.309448763830815,2.3092857013362256
PINN,10.0,0,56.800000000000004,56.70665874644857,2.358978055748682
PINN,10.0,0,57.2,57.10378385148693,2.4093822817109336
PINN,10.0,0,57.6,57.50082172997678,2.460502492544818
PINN,10.0,0,58.0,57.89776999839228,2.512342750364395
PINN,10.0,0,58.400000000000006,58.29462623890046,2.564907065285698
PINN,10.0,0,58.800000000000004,58.691387999621945,2.6181993946423496
PINN,10.0,0,59.2,59.08805279490275,2.6722236422076486
PINN,10.0,0,59.6,59.48461810559703,2.7269836574230584
PINN,10.0,0,60.0,59.881081379360324,2.782483234633598
PINN,10.0,0,60.400000000000006,60.27744003095394,2.8387261123303773
PINN,10.0,0,60.800000000000004,60.67369144255926,2.8957159724004446
PINN,10.0,0,61.2,61.0698329641032,2.9534564393843823
PINN,10.0,0,61.6,61.46586191359344,3.0119510797418254
PINN,10.0,0,62.0,61.8617755774641,3.0712034011252936
PINN,10.0,0,62.400000000000006,62.25757121093147,3.1312168516624665
PINN,10.0,0,62.800000000000004,62.65324603835958,3.1919948192473724
PINN,10.0,0,63.2,63.04879725363594,3.253540630840609
PINN,10.0,0,63.6,63.444222020556175,3.315857551779075
PINN,10.0,0,64.0,63.83951747321923,3.378948785095286
PINN,10.0,0,64.4,64.23468071643123,3.4428174708467885
PINN,10.0,0,64.8,64.62970882611883,3.507466685455734
PINN,10.0,0,65.2,65.02459884975175,3.5728994410591293
PINN,10.0,0,65.60000000000001,65.41934780677428,3.6391186848698807
PINN,10.0,0,66.0,65.81395268904535,3.706127298549044
PINN,10.0,0,66.4,66.20841046128787,3.773928097589423
PINN,10.0,0,66.8,66.6027180615457,3.8425238307109897
PINN,10.0,0,67.2,66.99687240164991,3.9119171792682996
PINN,10.0,0,67.60000000000001,67.39087036769257,3.9821107566701337
PINN,10.0,0,68.0,67.78470882050892,4.053107107811839
PINN,10.0,0,68.4,68.17838459616728,4.1249087085204135
PINN,10.0,0,68.8,68.5718945064667,4.197517965012874
PINN,10.0,0,69.2,68.96523533944223,4.270937213367895
PINN,10.0,0,69.60000000000001,69.35840385987743,4.345168719011255
PINN,10.0,0,70.0,69.75139680982404,4.420214676215211
PINN,10.0,0,70.4,70.14421090912919,4.496077207612114
PINN,10.0,0,70.8,70.5368428559685,4.572758363722521
PINN,10.0,0,71.2,70.92928932738684,4.650260122498057
PINN,10.0,0,71.60000000000001,71.32154697984492,4.728584388879344
PINN,10.0,0,72.0,71.71361244977251,4.807732994369131
PINN,10.0,0,72.4,72.10548235412777,4.887707696621016
PINN,10.0,0,72.8,72.49715329096222,4.968510179043878
PINN,10.0,0,73.2,72.88862183999187,5.050142050422362
PINN,10.0,0,73.60000000000001,73.2798845631738,5.132604844553538
PINN,10.0,0,74.0,73.6709380052878,5.215900019900079
PINN,10.0,0,74.4,74.06177869452367,5.300028959260126
PINN,10.0,0,74.8,74.4524031430733,5.384992969453992
PINN,10.0,0,75.2,74.84280784772736,5.470793281028116
PINN,10.0,0,75.60000000000001,75.23298929047687,5.557431047976129
PINN,10.0,0,76.0,75.62294393911905,5.644907347477687
PINN,10.0,0,76.4,76.0126682478675,5.7332231796547735
PINN,10.0,0,76.80000000000001,76.40215865796597,5.822379467346069
PINN,10.0,0,77.2,76.79141159830664,5.9123770558992605
PINN,10.0,0,77.60000000000001,77.18042348605132,6.003216712981706
PINN,10.0,0,78.0,77.56919072725634,6.094899128409375
PINN,10.0,0,78.4,77.95770971750088,6.187424913994425
PINN,10.0,0,78.80000000000001,78.34597684251764,6.2807946034113895
PINN,10.0,0,79.2,78.73398847882713,6.375008652082316
PINN,10.0,0,79.60000000000001,79.12174099437368,6.470067437080692
PINN,10.0,0,80.0,79.50923074916457,6.565971257054601
PINN,100.0,0,0.0,0.0,0.0
PINN,100.0,0,0.4,0.39956826240929727,0.003101164175742782
PINN,100.0,0,0.8,0.7991885195484738,0.006098296326919783
PINN,100.0,0,1.2000000000000002,1.1988586250264686,0.0089967901325131
PINN,100.0,0,1.6,1.598576464331233,0.011802094208596058
PINN,100.0,0,2.0,1.9983399546222897,0.014519711487149561
PINN,100.0,0,2.4000000000000004,2.3981470445167026,0.017155198582368927
PINN,100.0,0,2.8000000000000003,2.7979957138685414,0.019714165144550495
PINN,100.0,0,3.2,3.197883973541951,0.02220227320164101
PINN,100.0,0,3.6,3.597809865177921,0.024625236488536702
PINN,100.0,0,4.0,3.9977714609548665,0.02698881976422185
PINN,100.0,0,4.4,4.397766863343097,0.029298838116843882
PINN,100.0,0,4.800000000000001,4.797794204853341,0.031561156256800636
PINN,100.0,0,5.2,5.197851647779348,0.03378168779795853
PINN,100.0,0,5.6000000000000005,5.597937383934767,0.035966394527079656
PINN,100.0,0,6.0,5.998049634384325,0.03812128566155998
PINN,100.0,0,6.4,6.398186649169508,0.04025241709558092
PINN,100.0,0,6.800000000000001,6.798346707028785,0.042365890634771225
PINN,100.0,0,7.2,7.198528115112508,0.0444678532194938
PINN,100.0,0,7.6000000000000005,7.598729208692657,0.046564496136835096
PINN,100.0,0,8.0,7.998948350867439,0.04866205422142722
PINN,100.0,0,8.4,8.399183932261002,0.05076680504521174
PINN,100.0,0,8.8,8.799434370718252,0.0528850680962171
PINN,100.0,0,9.200000000000001,9.199698110994971,0.05502320394652375
PINN,100.0,0,9.600000000000001,9.599973624443333,0.05718761340944966
PINN,100.0,0,10.0,10.000259408692948,0.05938473668614122
PINN,100.0,0,10.4,10.400553987327573,0.061621052501636554
PINN,100.0,0,10.8,10.800855909557542,0.06390307723054314
PINN,100.0,0,11.200000000000001,11.2011637498882,0.06623736401242677
PINN,100.0,0,11.600000000000001,11.601476107784245,0.06863050185704958
PINN,100.0,0,12.0,12.00179160733031,0.07108911473956647
PINN,100.0,0,12.4,12.402108896887826,0.0736198606858074
PINN,100.0,0,12.8,12.802426648748241,0.07622943084775322
PINN,100.0,0,13.200000000000001,13.202743558782839,0.07892454856936665
PINN,100.0,0,13.600000000000001,13.603058346089224,0.08171196844284825
PINN,100.0,0,14.0,14.003369752634585,0.0845984753555192
PINN,100.0,0,14.4,14.403676542895914,0.08759088352737454
PINN,100.0,0,14.8,14.803977503497316,0.09069603553951991
PINN,100.0,0,15.200000000000001,15.204271442844473,0.09392080135357109
PINN,100.0,0,15.600000000000001,15.604557190756426,0.09727207732216792
PINN,100.0,0,16.0,16.00483359809497,0.10075678519075537
PINN,100.0,0,16.400000000000002,16.405099536391432,0.10438187109072501
PINN,100.0,0,16.8,16.80535389747137,0.1081543045241188
PINN,100.0,0,17.2,17.20559559307697,0.11208107733998814
PINN,100.0,0,17.6,17.605823554487657,0.11616920270257974
PINN,100.0,0,18.0,18.00603673213858,0.12042571405146876
PINN,100.0,0,18.400000000000002,18.40623409523764,0.12485766405381546
PINN,100.0,0,18.8,18.806414631380676,0.12947212354889995
PINN,100.0,0,19.200000000000003,19.206577346165357,0.13427618048502518
PINN,100.0,0,19.6,19.60672126280364,0.13927693884905457
PINN,100.0,0,20.0,20.00684542173314,0.14448151758860245
PINN,100.0,0,20.400000000000002,20.406948880227308,0.1498970495271876
PINN,100.0,0,20.8,20.807030712004785,0.15553068027237865
PINN,100.0,0,21.200000000000003,21.20709000683792,0.16138956711717597
PINN,100.0,0,21.6,21.60712587016061,0.16748087793477026
PINN,100.0,0,22.0,22.00713742267566,0.17381179006686848
PINN,100.0,0,22.400000000000002,22.407123799961674,0.18038948920570505
PINN,100.0,0,22.8,22.80708415207978,0.18722116826999513
PINN,100.0,0,23.200000000000003,23.207017643180144,0.19431402627493513
PINN,100.0,0,23.6,23.606923451108464,0.20167526719646744
PINN,100.0,0,24.0,24.006800767012674,0.2093120988300058
PINN,100.0,0,24.400000000000002,24.406648794949895,0.21723173164376278
PINN,100.0,0,24.8,24.80646675149368,0.22544137762690358
PINN,100.0,0,25.200000000000003,25.206253865341886,0.23394824913274798
PINN,100.0,0,25.6,25.6060093769251,0.24275955771713315
PINN,100.0,0,26.0,26.005732538016012,0.2518825129722037
PINN,100.0,0,26.400000000000002,26.405422611339425,0.2613243213558466
PINN,100.0,0,26.8,26.8050788701835,0.2710921850168937
PINN,100.0,0,27.200000000000003,27.204700598012074,0.28119330061640385
PINN,100.0,0,27.6,27.604287088078337,0.29163485814518575
PINN,100.0,0,28.0,28.00383764303973,0.3024240397377342
PINN,100.0,0,28.400000000000002,28.403351574574607,0.3135680184829236
PINN,100.0,0,28.8,28.80282820300033,0.3250739572315773
PINN,100.0,0,29.200000000000003,29.202266856893296,0.3369490074011674
PINN,100.0,0,29.6,29.601666872710762,0.34920030777791145
PINN,100.0,0,30.0,30.001027594414694,0.3618349833164816
PINN,100.0,0,30.400000000000002,30.400348373097756,0.37486014393753625
PINN,100.0,0,30.8,30.799628566611638,0.3882828833233832
PINN,100.0,0,31.200000000000003,31.19886753919749,0.40211027771196906
PINN,100.0,0,31.6,31.598064661119132,0.41634938468949223
PINN,100.0,0,32.0,31.99721930829869,0.43100724198180984
PINN,100.0,0,32.4,32.39633086195496,0.44609086624507366
PINN,100.0,0,32.800000000000004,32.7953987082446,0.4616072518556217
PINN,100.0,0,33.2,33.19442223790627,0.47756336969963425
PINN,100.0,0,33.6,33.59340084590778,0.4939661659626344
PINN,100.0,0,34.0,33.99233393109634,0.510822560919267
PINN,100.0,0,34.4,34.39122089585228,0.5281394477234773
PINN,100.0,0,34.800000000000004,34.79006114574577,0.5459236911995706
PINN,100.0,0,35.2,35.1888540891973,0.5641821266342386
PINN,100.0,0,35.6,35.587599137141616,0.5829215585699941
PINN,100.0,0,36.0,35.986295702695315,0.602148759600297
PINN,100.0,0,36.4,36.38494320082818,0.6218704691665291
PINN,100.0,0,36.800000000000004,36.78354104803852,0.6420933923573623
PINN,100.0,0,37.2,37.18208866203222,0.662824198710642
PINN,100.0,0,37.6,37.580585461406095,0.6840695210181592
PINN,100.0,0,38.0,37.97903086533525,0.7058359541336594
PINN,100.0,0,38.400000000000006,38.37742429326475,0.7281300537843518
PINN,100.0,0,38.800000000000004,38.77576516460555,0.7509583353863504
PINN,100.0,0,39.2,39.17405289843487,0.7743272728642008
PINN,100.0,0,39.6,39.57228691320114,0.7982432974750147
PINN,100.0,0,40.0,39.97046662643345,0.8227127966374415
PINN,100.0,0,40.400000000000006,40.36859145445572,0.8477421127658104
PINN,100.0,0,40.800000000000004,40.7666608121056,0.8733375421098528
PINN,100.0,0,41.2,41.16467411245816,0.8995053336003206
PINN,100.0,0,41.6,41.56263076655473,0.9262516877007947
PINN,100.0,0,42.0,41.960530183136235,0.9535827552661359
PINN,100.0,0,42.400000000000006,42.35837176838221,0.9815046364078712
PINN,100.0,0,42.800000000000004,42.756154925654485,1.0100233793668543
PINN,100.0,0,43.2,43.15387905524615,1.0391449793936574
PINN,100.0,0,43.6,43.551543554135996,1.0688753776368944
PINN,100.0,0,44.0,43.94914781574813,1.0992204600400561
PINN,100.0,0,44.400000000000006,44.34669122971694,1.1301860562469999
PINN,100.0,0,44.800000000000004,44.74417318165762,1.1617779385166151
PINN,100.0,0,45.2,45.14159305294223,1.194001820646984
PINN,100.0,0,45.6,45.538950220481254,1.2268633569094132
PINN,100.0,0,46.0,45.93624405651077,1.2603681409926901
PINN,100.0,0,46.400000000000006,46.33347392838543,1.2945217049579558
PINN,100.0,0,46.800000000000004,46.73063919837699,1.329329518204569
PINN,100.0,0,47.2,47.12773922347883,1.364796986447355
PINN,100.0,0,47.6,47.524773355216126,1.4009294507055416
PINN,100.0,0,48.0,47.92174093946191,1.4377321863038817
PINN,100.0,0,48.400000000000006,48.31864131625922,1.475210401886125
PINN,100.0,0,48.800000000000004,48.715473819648814,1.5133692384415474
PINN,100.0,0,49.2,49.11223777750334,1.552213768344512
PINN,100.0,0,49.6,49.508932511367206,1.5917489944077832
PINN,100.0,0,50.0,49.90555733630251,1.6319798489497175
PINN,100.0,0,50.400000000000006,50.302111560741125,1.672911192875883
PINN,100.0,0,50.800000000000004,50.698594486343,1.71454781477529
PINN,100.0,0,51.2,51.095005407860285,1.7568944300318037
PINN,100.0,0,51.6,51.49134361300788,1.799955679950921
PINN,100.0,0,52.0,51.88760838233992,1.8437361309023994
PINN,100.0,0,52.400000000000006,52.28379898913268,1.8882402734789447
PINN,100.0,0,52.800000000000004,52.6799146992734,1.9334725216716016
PINN,100.0,0,53.2,53.07595477115562,1.9794372120617525
PINN,100.0,0,53.6,53.471918455580365,2.0261386030305584
PINN,100.0,0,54.0,53.86780499566382,2.073580873985776
PINN,100.0,0,54.400000000000006,54.263613626751194,2.1217681246065627
PINN,100.0,0,54.800000000000004,54.659343576336575,2.170704374106474
PINN,100.0,0,55.2,55.05499406398931,2.220393560514986
PINN,100.0,0,55.6,55.450564301286356,2.2708395399778993
PINN,100.0,0,56.0,55.846053491750865,2.322046086076972
PINN,100.0,0,56.400000000000006,56.241460830797166,2.3740168891689555
PINN,100.0,0,56.800000000000004,56.636785505681544,2.4267555557445366
PINN,100.0,0,57.2,57.032026695459535,2.4802656078073078
PINN,100.0,0,57.6,57.42718357094919,2.5345504822731297
PINN,100.0,0,58.0,57.82225529470039,2.5896135303902383
PINN,100.0,0,58.400000000000006,58.21724102097044,2.645458017180175
PINN,100.0,0,58.800000000000004,58.61213989570561,2.702087120900063
PINN,100.0,0,59.2,59.006951056528585,2.759503932526282
PINN,100.0,0,59.6,59.401673632732326,2.817711455259878
PINN,100.0,0,60.0,59.79630674527944,2.8767126040539863
PINN,100.0,0,60.400000000000006,60.1908495068077,2.9365102051633807
PINN,100.0,0,60.800000000000004,60.58530102164144,2.9971069957165537
PINN,100.0,0,61.2,60.97966038580887,3.058505623310386
PINN,100.0,0,61.6,61.37392668706514,3.120708645627626
PINN,100.0,0,62.0,61.76809900492083,3.1837185300775013
PINN,100.0,0,62.400000000000006,62.16217641067687,3.2475376534594997
PINN,100.0,0,62.800000000000004,62.55615796746446,3.3121683016505763
PINN,100.0,0,63.2,62.950042730290896,3.3776126693159676
PINN,100.0,0,63.6,63.34382974609086,3.4438728596436303
PINN,100.0,0,64.0,63.73751805378316,3.5109508841026433
PINN,100.0,0,64.4,64.13110668433299,3.5788486622256013
PINN,100.0,0,64.8,64.52459466081949,3.6475680214150126
PINN,100.0,0,65.2,64.91798099850861,3.7171106967740886
PINN,100.0,0,65.60000000000001,65.31126470493105,3.7874783309616844
PINN,100.0,0,66.0,65.70444477996566,3.858672474071792
PINN,100.0,0,66.4,66.09752021592769,3.9306945835374063
PINN,100.0,0,66.8,66.49048999766197,4.003546024058927
PINN,100.0,0,67.2,66.88335310264132,4.077228067557225
PINN,100.0,0,67.60000000000001,67.27610850106942,4.151741893151237
PINN,100.0,0,68.0,67.66875515598886,4.227088587160198
PINN,100.0,0,68.4,68.06129202339358,4.303269143130621
PINN,100.0,0,68.8,68.45371805234585,4.380284461887724
PINN,100.0,0,69.2,68.8460321850981,4.458135351611715
PINN,100.0,0,69.60000000000001,69.23823335721889,4.536822527938505
PINN,100.0,0,70.0,69.63032049772318,4.616346614084948
PINN,100.0,0,70.4,70.02229252920723,4.696708140998776
PINN,100.0,0,70.8,70.41414836798712,4.777907547532689
PINN,100.0,0,71.2,70.80588692424163,4.859945180643029
PINN,100.0,0,71.60000000000001,71.19750710215916,4.9428212956125614
PINN,100.0,0,72.0,71.58900780008811,5.02653605629737
PINN,100.0,0,72.4,71.98038791069163,5.111089535397937
PINN,100.0,0,72.8,72.37164632110536,5.19648171475389
PINN,100.0,0,73.2,72.76278191309922,5.28271248566271
PINN,100.0,0,73.60000000000001,73.15379356324252,5.369781649221758
PINN,100.0,0,74.0,73.54468014307224,5.4576889166939715
PINN,100.0,0,74.4,73.93544051926494,5.5464339098965905
PINN,100.0,0,74.8,74.32607355381131,5.636016161612979
PINN,100.0,0,75.2,74.71657810419437,5.726435116027279
PINN,100.0,0,75.60000000000001,75.10695302356999,5.817690129181563
PINN,100.0,0,76.0,75.4971971609506,5.909780469455442
PINN,100.0,0,76.4,75.88730936139162,6.00270531806776
PINN,100.0,0,76.80000000000001,76.27728846618032,6.096463769600056
PINN,100.0,0,77.2,76.66713331302715,6.191054832541725
PINN,100.0,0,77.60000000000001,77.05684273625992,6.286477429856426
PINN,100.0,0,78.0,77.44641556701957,6.3827303995694535
PINN,100.0,0,78.4,77.83585063345855,6.479812495375908
PINN,100.0,0,78.80000000000001,78.22514676094117,6.577722387269195
PINN,100.0,0,79.2,78.61430277224598,6.676458662189604
PINN,100.0,0,79.60000000000001,79.0033174877696,6.776019824692638
PINN,100.0,0,80.0,79.39218972573293,6.876404297636767
PINN,1000.0,0,0.0,0.0,0.0
PINN,1000.0,0,0.4,0.4001632242571051,0.005299669318106364
PINN,1000.0,0,0.8,0.8003546903610997,0.010355173235220316
PINN,1000.0,0,1.2000000000000002,1.2005727001243187,0.015175578424121199
PINN,1000.0,0,1.6,1.6008155803378596,0.01976998669626484
PINN,1000.0,0,2.0,2.001081682547471,0.024147533731282176
PINN,1000.0,0,2.4000000000000004,2.4013693828261182,0.028317387795971632
PINN,1000.0,0,2.8000000000000003,2.8016770815433203,0.032288748452984434
PINN,1000.0,0,3.2,3.2020032031313557,0.036070845259413224
PINN,1000.0,0,3.6,3.6023461958484178,0.03967293645548251
PINN,1000.0,0,4.0,4.002704531538813,0.043104307643569095
PINN,1000.0,0,4.4,4.403076705390295,0.046374270457749694
PINN,1000.0,0,4.800000000000001,4.803461235688645,0.049492161224114095
PINN,1000.0,0,5.2,5.203856663569525,0.052467339612053486
PINN,1000.0,0,5.6000000000000005,5.604261552767806,0.055309187276757876
PINN,1000.0,0,6.0,6.004674489364351,0.058027106493154096
PINN,1000.0,0,6.4,6.405094081530414,0.06063051878151615
PINN,1000.0,0,6.800000000000001,6.805518959269726,0.06312886352499424
PINN,1000.0,0,7.2,7.205947774158366,0.06553159657929171
PINN,1000.0,0,7.6000000000000005,7.606379199082484,0.06784818887475857
PINN,1000.0,0,8.0,8.006811927974034,0.07008812501112738
PINN,1000.0,0,8.4,8.407244675544515,0.07226090184516759
PINN,1000.0,0,8.8,8.80767617701689,0.07437602707151277
PINN,1000.0,0,9.200000000000001,9.208105187855779,0.07644301779690764
PINN,1000.0,0,9.600000000000001,9.608530483495898,0.07847139910817488
PINN,1000.0,0,10.0,10.008950859069028,0.08047070263414002
PINN,1000.0,0,10.4,10.409365129129444,0.08245046510181483
PINN,1000.0,0,10.8,10.809772127377977,0.08442022688710256
PINN,1000.0,0,11.200000000000001,11.210170706384766,0.08638953056032801
PINN,1000.0,0,11.600000000000001,11.61055973731083,0.08836791942685594
PINN,1000.0,0,12.0,12.010938109628494,0.09036493606312467
PINN,1000.0,0,12.4,12.411304730840847,0.09239012084834713
PINN,1000.0,0,12.8,12.811658526200201,0.09445301049224372
PINN,1000.0,0,13.200000000000001,13.211998438425761,0.09656313655903337
PINN,1000.0,0,13.600000000000001,13.612323427420534,0.09873002398807533
PINN,1000.0,0,14.0,14.012632469987576,0.10096318961140674
PINN,1000.0,0,14.4,14.412924559545662,0.10327214066855091
PINN,1000.0,0,14.8,14.81319870584449,0.10566637331886727
PINN,1000.0,0,15.200000000000001,15.213453934679492,0.10815537115182144
PINN,1000.0,0,15.600000000000001,15.613689287606327,0.11074860369547239
PINN,1000.0,0,16.0,16.013903821655195,0.1134555249235063
PINN,1000.0,0,16.400000000000002,16.41409660904497,0.11628557176121566
PINN,1000.0,0,16.8,16.814266736897373,0.11924816259067042
PINN,1000.0,0,17.2,17.21441330695108,0.12235269575553093
PINN,1000.0,0,17.6,17.61453543527614,0.1256085480657821
PINN,1000.0,0,18.0,18.014632251988367,0.12902507330279028
PINN,1000.0,0,18.400000000000002,18.414702900964286,0.13261160072499906
PINN,1000.0,0,18.8,18.814746539556324,0.13637743357467652
PINN,1000.0,0,19.200000000000003,19.214762338308507,0.1403318475860493
PINN,1000.0,0,19.6,19.614749480672707,0.14448408949520736
PINN,1000.0,0,20.0,20.014707162725557,0.1488433755521501
PINN,1000.0,0,20.400000000000002,20.414634592886095,0.15341889003535403
PINN,1000.0,0,20.8,20.814530991634143,0.15821978376924556
PINN,1000.0,0,21.200000000000003,21.21439559122966,0.1632551726449626
PINN,1000.0,0,21.6,21.61422763543303,0.1685341361448156
PINN,1000.0,0,22.0,22.01402637922633,0.17406571587078531
PINN,1000.0,0,22.400000000000002,22.413791088535845,0.17985891407752386
PINN,1000.0,0,22.8,22.81352103995569,0.18592269221018276
PINN,1000.0,0,23.200000000000003,23.213215520472712,0.19226596944756708
PINN,1000.0,0,23.6,23.61287382719287,0.19889762125089294
PINN,1000.0,0,24.0,24.01249526706883,0.2058264779186776
PINN,1000.0,0,24.400000000000002,24.412079156629318,0.21306132314808401
PINN,1000.0,0,24.8,24.8116248217098,0.22061089260318342
PINN,1000.0,0,25.200000000000003,25.211131597185062,0.22848387249051122
PINN,1000.0,0,25.6,25.610598826703264,0.23668889814237346
PINN,1000.0,0,26.0,26.010025862422058,0.2452345526082732
PINN,1000.0,0,26.400000000000002,26.40941206474635,0.2541293652549136
PINN,1000.0,0,26.8,26.808756802068082,0.2633818103751862
PINN,1000.0,0,27.200000000000003,27.208059450508067,0.2730003058065449
PINN,1000.0,0,27.6,27.607319393659814,0.28299321155923113
PINN,1000.0,0,28.0,28.00653602233553,0.29336882845474027
PINN,1000.0,0,28.400000000000002,28.405708734314338,0.3041353967749364
PINN,1000.0,0,28.8,28.80483693409273,0.31530109492230646
PINN,1000.0,0,29.200000000000003,29.20392003263736,0.3268740380917213
PINN,1000.0,0,29.6,29.60295744714027,0.338862276954099
PINN,1000.0,0,30.0,30.001948600776515,0.35127379635253764
PINN,1000.0,0,30.400000000000002,30.40089292246433,0.36411651401111966
PINN,1000.0,0,30.8,30.7997898466278,0.377398279257043
PINN,1000.0,0,31.200000000000003,31.198638812962326,0.391126871756319
PINN,1000.0,0,31.6,31.59743926620262,0.4053100002635519
PINN,1000.0,0,32.0,31.996190655893525,0.41995530138620785
PINN,1000.0,0,32.4,32.39489243616348,0.4350703383637716
PINN,1000.0,0,32.800000000000004,32.793544065501166,0.45066259986219814
PINN,1000.0,0,33.2,33.192145006534595,0.46673949878412413
PINN,1000.0,0,33.6,33.59069472581358,0.48330837109517766
PINN,1000.0,0,34.0,33.989192693594916,0.5003764746668456
PINN,1000.0,0,34.4,34.3876383836307,0.5179509881363065
PINN,1000.0,0,34.800000000000004,34.78603127295987,0.5360390097835781
PINN,1000.0,0,35.2,35.1843708417025,0.554647556426439
PINN,1000.0,0,35.6,35.58265657285779,0.5737835623334648
PINN,1000.0,0,36.0,35.980887952104894,0.5934538781556291
PINN,1000.0,0,36.4,36.37906446760709,0.613665269876797
PINN,1000.0,0,36.800000000000004,36.77718560981943,0.6344244177834936
PINN,1000.0,0,37.2,37.175250871299504,0.6557379154543883
PINN,1000.0,0,37.6,37.573259746521586,0.6776122687697965
PINN,1000.0,0,38.0,37.97121173169449,0.7000538949415795
PINN,1000.0,0,38.400000000000006,38.36910632458248,0.723069121563812
PINN,1000.0,0,38.800000000000004,38.766943024329905,0.7466641856845648
PINN,1000.0,0,39.2,39.1647213312892,0.7708452328991772
PINN,1000.0,0,39.6,39.562440746852616,0.7956183164652497
PINN,1000.0,0,40.0,39.96010077328722,0.8209893964398762
PINN,1000.0,0,40.400000000000006,40.357700913573794,0.8469643388392455
PINN,1000.0,0,40.800000000000004,40.75524067124909,0.8735489148210396
PINN,1000.0,0,41.2,41.15271955025197,0.9007487998899445
PINN,1000.0,0,41.6,41.55013705477294,0.9285695731264992
PINN,1000.0,0,42.0,41.947492689107534,0.9570167164396443
PINN,1000.0,0,42.400000000000006,42.34478595751337,0.9860956138432249
PINN,1000.0,0,42.800000000000004,42.74201636407089,1.015811550756698
PINN,1000.0,0,43.2,43.139183412547865,1.0461697133304073
PINN,1000.0,0,43.6,43.53628660626754,1.0771751877955342
PINN,1000.0,0,44.0,43.93332544798067,1.108832959839089
PINN,1000.0,0,44.400000000000006,44.3302994397412,1.141147914004124
PINN,1000.0,0,44.800000000000004,44.72720808278582,1.174124833115432
PINN,1000.0,0,45.2,45.124050877417325,1.207768397730887
PINN,1000.0,0,45.6,45.520827322891435,1.2420831856186922
PINN,1000.0,0,46.0,45.91753691730795,1.2770736712606967
PINN,1000.0,0,46.400000000000006,46.31417915750522,1.3127442253819863
PINN,1000.0,0,46.800000000000004,46.71075353895861,1.34909911450686
PINN,1000.0,0,47.2,47.107259555682774,1.386142500541455
PINN,1000.0,0,47.6,47.50369670013768,1.423878440383066
PINN,1000.0,0,48.0,47.90006446313842,1.4623108855563924
PINN,1000.0,0,48.400000000000006,48.2963623337687,1.5014436818767205
PINN,1000.0,0,48.800000000000004,48.69258979929831,1.541280569140262
PINN,1000.0,0,49.2,49.08874634510421,1.5818251808417247
PINN,1000.0,0,49.6,49.484831454595394,1.6230810439191246
PINN,1000.0,0,50.0,49.88084460914153,1.66505157852603
PINN,1000.0,0,50.400000000000006,50.27678528800527,1.7077400978312305
PINN,1000.0,0,50.800000000000004,50.672652968278264,1.7511498078458936
PINN,1000.0,0,51.2,51.06844712482102,1.7952838072782362
PINN,1000.0,0,51.6,51.46416723020632,1.8401450874157814
PINN,1000.0,0,52.0,51.85981275466617,1.8857365320351298
PINN,1000.0,0,52.400000000000006,52.255383166042684,1.9320609173393826
PINN,1000.0,0,52.800000000000004,52.65087792974234,1.9791209119229678
PINN,1000.0,0,53.2,53.04629650869398,2.026919076764118
PINN,1000.0,0,53.6,53.441638363310204,2.075457865244772
PINN,1000.0,0,54.0,53.8369029514526,2.1247396231979074
PINN,1000.0,0,54.400000000000006,54.23208972840004,2.174766588982198
PINN,1000.0,0,54.800000000000004,54.62719814682099,2.2255408935839744
PINN,1000.0,0,55.2,55.022227656748804,2.277064560746391
PINN,1000.0,0,55.6,55.417177705560725,2.329339507125585
PINN,1000.0,0,56.0,55.812047737960135,2.3823675424739017
PINN,1000.0,0,56.400000000000006,56.20683719596231,2.436150369849833
PINN,1000.0,0,56.800000000000004,56.60154551888319,2.490689585854667
PINN,1000.0,0,57.2,56.99617214333189,2.54598668089569
PINN,1000.0,0,57.6,57.39071650320594,2.602043039475671
PINN,1000.0,0,58.0,57.78517802969012,2.6588599405085427
PINN,1000.0,0,58.400000000000006,58.17955615125834,2.716438557661029
PINN,1000.0,0,58.800000000000004,58.57385029367844,2.7747799597200293
PINN,1000.0,0,59.2,58.968059880020434,2.833885110985515
PINN,1000.0,0,59.6,59.36218433066757,2.893754871688741
PINN,1000.0,0,60.0,59.75622306333018,2.9543899984355093
PINN,1000.0,0,60.400000000000006,60.15017549306308,3.0157911446741856
PINN,1000.0,0,60.800000000000004,60.54404103228506,3.0779588611882946
PINN,1000.0,0,61.2,60.93781909080207,3.140893596613294
PINN,1000.0,0,61.6,61.33150907583249,3.20459569797735
PINN,1000.0,0,62.0,61.72511039203541,3.26906541126575
PINN,1000.0,0,62.400000000000006,62.118622441541945,3.334302882008582
PINN,1000.0,0,62.800000000000004,62.51204462398863,3.400308155891506
PINN,1000.0,0,63.2,62.90537633655376,3.4670811793891727
PINN,1000.0,0,63.6,63.298616973996275,3.5346218004209042
PINN,1000.0,0,64.0,63.69176592869692,3.6029297690284556
PINN,1000.0,0,64.4,64.08482259070215,3.67200473807529
PINN,1000.0,0,64.8,64.47778634777006,3.741846263967144
PINN,1000.0,0,65.2,64.87065658541907,3.812453807393407
PINN,1000.0,0,65.60000000000001,65.26343268697846,3.8838267340889803
PINN,1000.0,0,66.0,65.65611403364136,3.955964315616191
PINN,1000.0,0,66.4,66.04870000452001,4.028865730166356
PINN,1000.0,0,66.8,66.44118997670272,4.10253006338063
PINN,1000.0,0,67.2,66.8335833253134,4.176956309189486
PINN,1000.0,0,67.60000000000001,67.22587942357252,4.252143370670881
PINN,1000.0,0,68.0,67.61807764286056,4.328090060926055
PINN,1000.0,0,68.4,68.01017735278302,4.4047951039730915
PINN,1000.0,0,68.8,68.40217792123711,4.48225713565731
PINN,1000.0,0,69.2,68.79407871448059,4.560474704578426
PINN,1000.0,0,69.60000000000001,69.18587909720209,4.6394462730337285
PINN,1000.0,0,70.0,69.57757843259287,4.719170217976998
PINN,1000.0,0,70.4,69.9691760824207,4.799644831992595
PINN,1000.0,0,70.8,70.3606714071046,4.880868324284267
PINN,1000.0,0,71.2,70.75206376579176,4.96283882167819
PINN,1000.0,0,71.60000000000001,71.14335251643509,5.0455543696398175
PINN,1000.0,0,72.0,71.53453701587279,5.129012933303895
PINN,1000.0,0,72.4,71.92561661990881,5.213212398517414
PINN,1000.0,0,72.8,72.3165906833948,5.298150572894681
PINN,1000.0,0,73.2,72.7074585603128,5.383825186884317
PINN,1000.0,0,73.60000000000001,73.09821960385966,5.470233894847517
PINN,1000.0,0,74.0,73.48887316653199,5.5573742761470255
PINN,1000.0,0,74.4,73.87941860021238,5.645243836246542
PINN,1000.0,0,74.8,74.26985525625645,5.733840007819878
PINN,1000.0,0,75.2,74.66018248558078,5.823160151869315
PINN,1000.0,0,75.60000000000001,75.05039963875181,5.913201558852943
PINN,1000.0,0,76.0,75.44050606607534,6.003961449820096
PINN,1000.0,0,76.4,75.83050111768678,6.0954369775547645
PINN,1000.0,0,76.80000000000001,76.22038414364212,6.187625227726139
PINN,1000.0,0,77.2,76.61015449400938,6.280523220046071
PINN,1000.0,0,77.60000000000001,76.99981151896085,6.374127909432752
PINN,1000.0,0,78.0,77.3893545688656,6.468436187180265
PINN,1000.0,0,78.4,77.77878299438245,6.5634448821333375
PINN,1000.0,0,78.80000000000001,78.16809614655332,6.659150761867045
PINN,1000.0,0,79.2,78.55729337689733,6.7555505338707
PINN,1000.0,0,79.60000000000001,78.94637403750427,6.852640846735708
PINN,1000.0,0,80.0,79.33533748112941,6.950418291346697
データのみ NN,,0,0.0,0.0,-0.0
データのみ NN,,0,0.4,0.39755243469215285,-6.965623525100329e-05
データのみ NN,,0,0.8,0.7952971468821313,-5.040550858885773e-05
データのみ NN,,0,1.2000000000000002,1.1932291509567141,6.00742986251457e-05
データのみ NN,,0,1.6,1.5913434713135128,0.00026411047252463684
データのみ NN,,0,2.0,1.9896351424243863,0.0005640350879675959
データのみ NN,,0,2.4000000000000004,2.3880992088981676,0.00096218462629043
データのみ NN,,0,2.8000000000000003,2.7867307255427725,0.0014608995896530643
データのみ NN,,0,3.2,3.185524757426757,0.002062524112042663
データのみ NN,,0,3.6,3.584476379940418,0.0027694055670125285
データのみ NN,,0,4.0,3.983580678856482,0.0035838941722219357
データのみ NN,,0,4.4,4.382832750390464,0.004508342590861903
データのみ NN,,0,4.800000000000001,4.782227701260781,0.005545105530040263
データのみ NN,,0,5.2,5.18176064874867,0.006696539336200858
データのみ NN,,0,5.6000000000000005,5.581426720757998,0.007965001587670752
データのみ NN,,0,6.0,5.981221055875009,0.00935285068441416
データのみ NN,,0,6.4,6.381138803428107,0.010862445435066094
データのみ NN,,0,6.800000000000001,6.781175123547724,0.012496144641364561
データのみ NN,,0,7.2,7.18132518722634,0.01425630668004283
データのみ NN,,0,7.6000000000000005,7.58158417637873,0.016145289082288017
データのみ NN,,0,8.0,7.981947283902487,0.018165448110858184
データのみ NN,,0,8.4,8.382409713738916,0.020319138334960476
データのみ NN,,0,8.8,8.782966680934319,0.022608712202976756
データのみ NN,,0,9.200000000000001,9.183613411701785,0.025036519613152876
データのみ NN,,0,9.600000000000001,9.584345143483494,0.02760490748234093
データのみ NN,,0,10.0,9.985157125013638,0.030316219312912784
データのみ NN,,0,10.4,10.386044616381998,0.033172794757940105
データのみ NN,,0,10.8,10.787002889098234,0.03617696918476653
データのみ NN,,0,11.200000000000001,11.18802722615695,0.03933107323705509
データのみ NN,,0,11.600000000000001,11.589112922103608,0.04263743239546731
データのみ NN,,0,12.0,11.990255283101309,0.04609836653704069
データのみ NN,,0,12.4,12.391449626998543,0.04971618949342403
データのみ NN,,0,12.8,12.792691283397886,0.053493208608062656
データのみ NN,,0,13.200000000000001,13.193975593725803,0.05743172429247405
データのみ NN,,0,13.600000000000001,13.595297911303486,0.06153402958170691
データのみ NN,,0,14.0,13.996653601418911,0.06580240968916518
データのみ NN,,0,14.4,14.39803804140003,0.07023914156085155
データのみ NN,,0,14.8,14.799446620689196,0.07484649342921978
データのみ NN,,0,15.200000000000001,15.200874740918946,0.07962672436673258
データのみ NN,,0,15.600000000000001,15.602317815989048,0.08458208383927011
データのみ NN,,0,16.0,16.003771272144913,0.08971481125952653
データのみ NN,,0,16.400000000000002,16.40523054805748,0.09502713554050518
データのみ NN,,0,16.8,16.806691094904508,0.10052127464929264
データのみ NN,,0,17.2,17.208148376453344,0.10619943516120545
データのみ NN,,0,17.6,17.609597869145304,0.11206381181448448
データのみ NN,,0,18.0,18.011035062181445,0.11811658706565381
データのみ NN,,0,18.400000000000002,18.41245545761016,0.12435993064569989
データのみ NN,,0,18.8,18.813854570416165,0.13079599911721893
データのみ NN,,0,19.200000000000003,19.21522792861134,0.13742693543266304
データのみ NN,,0,19.6,19.616571073327105,0.14425486849383937
データのみ NN,,0,20.0,20.01787955890861,0.15128191271282343
データのみ NN,,0,20.400000000000002,20.41914895301059,0.1585101675744105
データのみ NN,,0,20.8,20.820374836695038,0.16594171720026368
データのみ NN,,0,21.200000000000003,21.221552804530603,0.17357862991494227
データのみ NN,,0,21.6,21.62267846469383,0.1814229578138829
データのみ NN,,0,22.0,22.023747439072228,0.18947673633358836
データのみ NN,,0,22.400000000000002,22.42475536336911,0.19774198382409322
データのみ NN,,0,22.8,22.825697887210346,0.206220701123893
データのみ NN,,0,23.200000000000003,23.22657067425299,0.21491487113750127
データのみ NN,,0,23.6,23.62736940229569,0.22382645841577162
データのみ NN,,0,24.0,24.028089763391122,0.2329574087391555
データのみ NN,,0,24.400000000000002,24.428727463960158,0.24230964870400776
データのみ NN,,0,24.8,24.82927822490805,0.25188508531218584
データのみ NN,,0,25.200000000000003,25.229737781742514,0.2616856055639869
データのみ NN,,0,25.6,25.630101884693595,0.27171307605465744
データのみ NN,,0,26.0,26.03036629883563,0.28196934257461914
データのみ NN,,0,26.400000000000002,26.430526804210874,0.29245622971354185
データのみ NN,,0,26.8,26.830579195955288,0.3031755404684082
データのみ NN,,0,27.200000000000003,27.230519284425974,0.3141290558557942
データのみ NN,,0,27.6,27.63034289533072,0.3253185345284387
データのみ NN,,0,28.0,28.030045869859194,0.3367457123963164
データのみ NN,,0,28.400000000000002,28.429624064816252,0.3484123022523106
データのみ NN,,0,28.8,28.829073352756822,0.3603199934026941
データのみ NN,,0,29.200000000000003,29.22838962212289,0.37247045130254813
データのみ NN,,0,29.6,29.62756877738217,0.3848653171962483
データのみ NN,,0,30.0,30.026606739168535,0.39750620776319384
データのみ NN,,0,30.400000000000002,30.42549944442441,0.4103947147689362
データのみ NN,,0,30.8,30.824242846544667,0.42353240472181586
データのみ NN,,0,31.200000000000003,31.22283291552256,0.4369208185352819
データのみ NN,,0,31.6,31.621265638097086,0.45056147119604567
データのみ NN,,0,32.0,32.01953701790225,0.4644558514381911
データのみ NN,,0,32.4,32.417643075617846,0.4786054214233771
データのみ NN,,0,32.800000000000004,32.815579849121946,0.49301161642730357
データのみ NN,,0,33.2,33.21334339364492,0.507675844532557
データのみ NN,,0,33.6,33.610929781925044,0.5225994863279528
データのみ NN,,0,34.0,34.00833510436565,0.5377838946145417
データのみ NN,,0,34.4,34.405555469193736,0.5532303941184292
データのみ NN,,0,34.800000000000004,34.80258700261997,0.5689402812104201
データのみ NN,,0,35.2,35.19942584900022,0.5849148236327983
データのみ NN,,0,35.6,35.59606817099827,0.60115526023319
データのみ NN,,0,36.0,35.99251014975006,0.617662800705756
データのみ NN,,0,36.4,36.388747985029,0.6344386253397438
データのみ NN,,0,36.800000000000004,36.784777895412674,0.6514838847756126
データのみ NN,,0,37.2,37.18059611845045,0.6687996997687057
データのみ NN,,0,37.6,37.576198910832645,0.6863871609607236
データのみ NN,,0,38.0,37.971582548560335,0.7042473286590202
データのみ NN,,0,38.400000000000006,38.36674332711638,0.7223812326238386
データのみ NN,,0,38.800000000000004,38.76167756163738,0.7407898718635997
データのみ NN,,0,39.2,39.156381587086535,0.7594742144383515
データのみ NN,,0,39.6,39.55085175842743,0.7784351972713992
データのみ NN,,0,40.0,39.94508445079835,0.7976737259693489
データのみ NN,,0,40.400000000000006,40.33907605968771,0.8171906746504775
データのみ NN,,0,40.800000000000004,40.73282300110972,0.8369868857816447
データのみ NN,,0,41.2,41.12632171178106,0.8570631700237684
データのみ NN,,0,41.6,41.5195686492978,0.8774203060859481
データのみ NN,,0,42.0,41.9125602923129,0.8980590405882932
データのみ NN,,0,42.400000000000006,42.305293140714085,0.918980087933561
データのみ NN,,0,42.800000000000004,42.697763715802274,0.9401841301876182
データのみ NN,,0,43.2,43.08996856046978,0.9616718169687922
データのみ NN,,0,43.6,43.48190423937932,0.9834437653462681
データのみ NN,,0,44.0,43.8735673391427,1.0055005597473574
データのみ NN,,0,44.400000000000006,44.26495446849975,1.0278427518739566
データのみ NN,,0,44.800000000000004,44.65606225849732,1.0504708606279947
データのみ NN,,0,45.2,45.04688736266794,1.0733853720461082
データのみ NN,,0,45.6,45.43742645720869,1.0965867392433906
データのみ NN,,0,46.0,45.827676241159445,1.1200753823663963
データのみ NN,,0,46.400000000000006,46.21763343658114,1.1438516885553498
データのみ NN,,0,46.800000000000004,46.60729478873347,1.167916011915566
データのみ NN,,0,47.2,46.996657066252254,1.1922686734981554
データのみ NN,,0,47.6,47.38571706132615,1.2169099612899539
データのみ NN,,0,48.0,47.77447158987293,1.2418401302127147
データのみ NN,,0,48.400000000000006,48.16291749171488,1.267059402131633
データのみ NN,,0,48.800000000000004,48.551051630753584,1.292567965873013
データのみ NN,,0,49.2,48.93887089514389,1.318365977251303
データのみ NN,,0,49.6,49.32637219746685,1.3444535591052607
データのみ NN,,0,50.0,49.71355247490169,1.3708308013434394
データのみ NN,,0,50.400000000000006,50.100408689396936,1.3974977609987747
データのみ NN,,0,50.800000000000004,50.48693782783999,1.4244544622923874
データのみ NN,,0,51.2,50.87313690222595,1.451700896706535
データのみ NN,,0,51.6,51.259002949824826,1.4792370230666172
データのみ NN,,0,52.0,51.644533033347344,1.5070627676322381
データのみ NN,,0,52.400000000000006,52.02972424110965,1.5351780241973425
データのみ NN,,0,52.800000000000004,52.41457368719611,1.5635826541992022
データのみ NN,,0,53.2,52.79907851162078,1.5922764868363908
データのみ NN,,0,53.6,53.183235880486905,1.621259319195565
データのみ NN,,0,54.0,53.567042986145104,1.6505309163870279
データのみ NN,,0,54.400000000000006,53.95049704734931,1.6800910116889858
データのみ NN,,0,54.800000000000004,54.33359530941104,1.7099393067004585
データのみ NN,,0,55.2,54.71633504435162,1.7400754715027322
データのみ NN,,0,55.6,55.098713551052406,1.7704991448292966
データのみ NN,,0,56.0,55.480728155402794,1.8012099342441246
データのみ NN,,0,56.400000000000006,55.86237621044624,1.8322074163283513
データのみ NN,,0,56.800000000000004,56.243655096523796,1.863491136875024
データのみ NN,,0,57.2,56.624562221415424,1.895060611092059
データのみ NN,,0,57.6,57.00509502047892,1.9269153238131222
データのみ NN,,0,58.0,57.38525095678641,1.9590547297164642
データのみ NN,,0,58.400000000000006,57.7650275212583,1.9914782535515039
データのみ NN,,0,58.800000000000004,58.14442223279433,2.0241852903731044
データのみ NN,,0,59.2,58.52343263840258,2.05717520578334
データのみ NN,,0,59.6,58.90205631332529,2.0904473361807816
データのみ NN,,0,60.0,59.280290861161916,2.124000989017021
データのみ NN,,0,60.400000000000006,59.658133913989495,2.1578354430603834
データのみ NN,,0,60.800000000000004,60.03558313248014,2.1919499486667107
データのみ NN,,0,61.2,60.41263620601532,2.2263437280570195
データのみ NN,,0,61.6,60.7892908527974,2.2610159756019717
データのみ NN,,0,62.0,61.16554481995783,2.295965858112922
データのみ NN,,0,62.400000000000006,61.541395883662545,2.331192515139517
データのみ NN,,0,62.800000000000004,61.91684184921378,2.366695059273572
データのみ NN,,0,63.2,62.29188055114903,2.4024725764591675
データのみ NN,,0,63.6,62.66650985333638,2.438524126308857
データのみ NN,,0,64.0,63.04072764906685,2.4748487424256123
データのみ NN,,0,64.4,63.41453186114299,2.5114454327306253
データのみ NN,,0,64.8,63.78792044196433,2.5483131797966423
データのみ NN,,0,65.2,64.1608913736093,2.5854509411866817
データのみ NN,,0,65.60000000000001,64.53344266791353,2.6228576497980467
データのみ NN,,0,66.0,64.90557236654472,2.6605322142114045
データのみ NN,,0,66.4,65.27727854107391,2.698473519044755
データのみ NN,,0,66.8,65.64855929304298,2.736680425312218
データのみ NN,,0,67.2,66.01941275402865,2.7751517707873194
データのみ NN,,0,67.60000000000001,66.38983708570278,2.8138863703708
データのみ NN,,0,68.0,66.75983047988892,2.8528830164624903
データのみ NN,,0,68.4,67.12939115861491,2.8921404793374608
データのみ NN,,0,68.8,67.49851737416213,2.9316575075259097
データのみ NN,,0,69.2,67.86720740911049,2.971432828196845
データのみ NN,,0,69.60000000000001,68.23545957637982,3.011465147545273
データのみ NN,,0,70.0,68.6032722192674,3.0517531511827842
データのみ NN,,0,70.4,68.97064371148167,3.092295504531304
データのみ NN,,0,70.8,69.33757245717169,3.1330908532198953
データのみ NN,,0,71.2,69.70405689095328,3.174137823484344
データのみ NN,,0,71.60000000000001,70.07009547793074,3.21543502256948
データのみ NN,,0,72.0,70.43568671371476,3.2569810391338656
データのみ NN,,0,72.4,70.80082912443663,3.2987744436569417
データのみ NN,,0,72.8,71.16552126675802,3.340813788848181
データのみ NN,,0,73.2,71.5297617278773,3.383097610058281
データのみ NN,,0,73.60000000000001,71.89354912553154,3.4256244256919826
データのみ NN,,0,74.0,72.2568821079946,3.4683927376227603
データのみ NN,,0,74.4,72.61975935407143,3.51140103160869
データのみ NN,,0,74.8,72.98217957308816,3.5546477777096275
データのみ NN,,0,75.2,73.34414150487837,3.598131430705585
データのみ NN,,0,75.60000000000001,73.7056439197651,3.641850430515914
データのみ NN,,0,76.0,74.06668561853951,3.685803202619202
データのみ NN,,0,76.4,74.42726543243485,3.729988158473843
データのみ NN,,0,76.80000000000001,74.787382223097,3.7744036959389264
データのみ NN,,0,77.2,75.14703488255081,3.8190481996953656
データのみ NN,,0,77.60000000000001,75.50622233316261,3.8639200416671367
データのみ NN,,0,78.0,75.8649435275988,3.909017581442416
データのみ NN,,0,78.4,76.22319744878054,3.9543391666944387
データのみ NN,,0,78.80000000000001,76.58098310983449,3.999883133601897
データのみ NN,,0,79.2,76.9382995540398,4.045647807268876
データのみ NN,,0,79.60000000000001,77.29514585477115,4.091631502143995
データのみ NN,,0,80.0,77.65152111543807,4.137832522438652
非線形最小二乗,,0,0.0,0.0,0.0
非線形最小二乗,,0,0.4,0.399999999996884,8.300689273245709e-07
非線形最小二乗,,0,0.8,0.7999999999514684,6.640551419161359e-06
非線形最小二乗,,0,1.2000000000000002,1.1999999996211441,2.2411861033931802e-05
非線形最小二乗,,0,1.6,1.5999999983956004,5.31244113064884e-05
非線形最小二乗,,0,2.0,1.999999995157161,0.00010375861575064948
非線形最小二乗,,0,2.4000000000000004,2.3999999879561837,0.00017929488768862842
非線形最小二乗,,0,2.8000000000000003,2.7999999739419708,0.00028471364020629924
非線形最小二乗,,0,3.2,3.199999949170806,0.00042499528594910826
非線形最小二乗,,0,3.6,3.5999999084488206,0.0006051202370808614
非線形最小二乗,,0,4.0,3.9999998449933054,0.0008300689045008028
非線形最小二乗,,0,4.4,4.399999750330327,0.0011048216976276043
非線形最小二乗,,0,4.800000000000001,4.799999614215545,0.0014343590241033058
非線形最小二乗,,0,5.2,5.199999424349534,0.001823661289116456
非線形最小二乗,,0,5.6000000000000005,5.599999166225135,0.0022777088946423175
非線形最小二乗,,0,6.0,5.9999988227868855,0.002801482237621113
非線形最小二乗,,0,6.4,6.399998374413974,0.003399961709877594
非線形最小二乗,,0,6.800000000000001,6.799997798783227,0.004078127697080835
非線形最小二乗,,0,7.2,7.199997070580746,0.004840960577281522
非線形最小二乗,,0,7.6000000000000005,7.599996161350401,0.005693440719161854
非線形最小二乗,,0,8.0,7.9999950391418775,0.006640548478514578
非線形最小二乗,,0,8.4,8.399993668502741,0.007687264198171534
非線形最小二乗,,0,8.8,8.799992010386667,0.008838568206744828
非線形最小二乗,,0,9.200000000000001,9.199990021779096,0.010099440814518757
非線形最小二乗,,0,9.600000000000001,9.59998765566674,0.011474862312849995
非線形最小二乗,,0,10.0,9.999984860581533,0.012969812966385295
非線形最小二乗,,0,10.4,10.399981580564674,0.014589273012501423
非線形最小二乗,,0,10.8,10.799977755158315,0.01633822266111666
非線形最小二乗,,0,11.200000000000001,11.19997331901891,0.01822164208680103
非線形最小二乗,,0,11.600000000000001,11.599968201891658,0.020244511429862937
非線形最小二乗,,0,12.0,11.999962328206493,0.02241181078509804
非線形最小二乗,,0,12.4,12.399955616871045,0.024728520196651796
非線形最小二乗,,0,12.8,12.799947981270622,0.027199619658019397
非線形最小二乗,,0,13.200000000000001,13.199939329185128,0.029830089109379006
非線形最小二乗,,0,13.600000000000001,13.599929562324863,0.03262490842450317
非線形最小二乗,,0,14.0,13.999918576417926,0.03558905741384898
非線形最小二乗,,0,14.4,14.399906260673767,0.03872751580436329
非線形最小二乗,,0,14.8,14.79989249771495,0.04204526323710057
非線形最小二乗,,0,15.200000000000001,15.199877163577161,0.04554727926722303
非線形最小二乗,,0,15.600000000000001,15.599860127535532,0.049238543356367244
非線形最小二乗,,0,16.0,15.999841251694802,0.05312403485723853
非線形最小二乗,,0,16.400000000000002,16.399820391029635,0.05720873301403732
非線形最小二乗,,0,16.8,16.799797392866168,0.0614976169364136
非線形最小二乗,,0,17.2,17.199772096859405,0.06599566559839753
非線形最小二乗,,0,17.6,17.599744334993208,0.07070785783839943
非線形最小二乗,,0,18.0,17.999713931325388,0.07563917234439213
非線形最小二乗,,0,18.400000000000002,18.399680701670487,0.08079458763866504
非線形最小二乗,,0,18.8,18.799644453544275,0.08617908207164202
非線形最小二乗,,0,19.200000000000003,19.199604985709072,0.09179763379223488
非線形最小二乗,,0,19.6,19.59956208816819,0.09765522074750212
非線形最小二乗,,0,20.0,19.999515542165785,0.1037568206826335
非線形最小二乗,,0,20.400000000000002,20.399465119825493,0.11010741111411476
非線形最小二乗,,0,20.8,20.799410584000665,0.11671196932216445
非線形最小二乗,,0,21.200000000000003,21.19935168803869,0.1235754723282611
非線形最小二乗,,0,21.6,21.59928817545129,0.13070289686805286
非線形最小二乗,,0,22.0,21.999219779914554,0.13809921939135783
非線形最小二乗,,0,22.400000000000002,22.399146225247293,0.14576941606008714
非線形最小二乗,,0,22.8,22.79906722494604,0.1537184627058543
非線形最小二乗,,0,23.200000000000003,23.198982482213896,0.16195133483534355
非線形最小二乗,,0,23.6,23.59889168952503,0.17047300758338632
非線形最小二乗,,0,24.0,23.99879452846179,0.17928845569655738
非線形最小二乗,,0,24.400000000000002,24.398690669714707,0.18840265353317454
非線形最小二乗,,0,24.8,24.79857977296509,0.19782057504984674
非線形最小二乗,,0,25.200000000000003,25.198461486447165,0.2075471937545274
非線形最小二乗,,0,25.6,25.598335446972996,0.2175874827081084
非線形最小二乗,,0,26.0,25.998201279464975,0.22794641446592379
非線形最小二乗,,0,26.400000000000002,26.39805859692137,0.2386289610736172
非線形最小二乗,,0,26.8,26.797907000411495,0.24964009406647025
非線形最小二乗,,0,27.200000000000003,27.197746078709326,0.26098478442027334
非線形最小二乗,,0,27.6,27.59757540820055,0.27266800254220447
非線形最小二乗,,0,28.0,27.997394552547217,0.2846947182189996
非線形最小二乗,,0,28.400000000000002,28.39720306247843,0.2970699005866383
非線形最小二乗,,0,28.8,28.79700047579037,0.30979851813034365
非線形最小二乗,,0,29.200000000000003,29.196786317203365,0.3228855386617994
非線形最小二乗,,0,29.6,29.59656009799008,0.3363359292633794
非線形最小二乗,,0,30.0,29.996321315915978,0.350154656275888
非線形最小二乗,,0,30.400000000000002,30.396069454841378,0.36434668523042507
非線形最小二乗,,0,30.8,30.79580398470637,0.378916980845888
非線形最小二乗,,0,31.200000000000003,31.195524361482917,0.39387050702006016
非線形最小二乗,,0,31.6,31.595230026769965,0.40921222675725094
非線形最小二乗,,0,32.0,31.99492040776793,0.42494710216427756
非線形最小二乗,,0,32.4,32.394594916858075,0.44108009436643336
非線形最小二乗,,0,32.800000000000004,32.79425295153324,0.4576161634941235
非線形最小二乗,,0,33.2,33.19389389438425,0.4745602686799705
非線形最小二乗,,0,33.6,33.59351711274483,0.491917367985243
非線形最小二乗,,0,34.0,33.993121958613834,0.5096924183862763
非線形最小二乗,,0,34.4,34.392707768282484,0.5278903756888694
非線形最小二乗,,0,34.800000000000004,34.792273862202066,0.5465161944990518
非線形最小二乗,,0,35.2,35.1918195449811,0.5655748282224013
非線形最小二乗,,0,35.6,35.59134410508961,0.5850712289941871
非線形最小二乗,,0,36.0,35.99084681471678,0.6050103476491635
非線形最小二乗,,0,36.4,36.39032692945945,0.6253971336403593
非線形最小二乗,,0,36.800000000000004,36.78978368813773,0.646236534992924
非線形最小二乗,,0,37.2,37.18921631279466,0.6675334983040326
非線形最小二乗,,0,37.6,37.58862400844372,0.6892929686756816
非線形最小二乗,,0,38.0,37.988005962880095,0.7115198896682341
非線形最小二乗,,0,38.400000000000006,38.38736134641433,0.7342192032223633
非線形最小二乗,,0,38.800000000000004,38.786689311656446,0.7573958495984249
非線形最小二乗,,0,39.2,39.18598899351593,0.7810547673764462
非線形最小二乗,,0,39.6,39.5852595089696,0.8052008933871082
非線形最小二乗,,0,40.0,39.98449995685478,0.8298391626541494
非線形最小二乗,,0,40.400000000000006,40.38370941762065,0.8549745083133133
非線形最小二乗,,0,40.800000000000004,40.78288695310373,0.8806118615421034
非線形最小二乗,,0,41.2,41.182031606527815,0.9067561515597414
非線形最小二乗,,0,41.6,41.581142402271645,0.9334123055505056
非線形最小二乗,,0,42.0,41.980218345669364,0.9605852486018692
非線形最小二乗,,0,42.400000000000006,42.37925842275441,0.9882799036124171
非線形最小二乗,,0,42.800000000000004,42.7782616000461,1.0165011912178743
非線形最小二乗,,0,43.2,43.177226824548754,1.0452540297907866
非線形最小二乗,,0,43.6,43.576153023504844,1.0745433353505986
非線形最小二乗,,0,44.0,43.975039104219235,1.104374021503615
非線形最小二乗,,0,44.400000000000006,44.373883953779504,1.1347509993327067
非線形最小二乗,,0,44.800000000000004,44.77268643886745,1.1656791773253126
非線形最小二乗,,0,45.2,45.17144540575583,1.1971634613720872
非線形最小二乗,,0,45.6,45.5701596800395,1.229208754659364
非線形最小二乗,,0,46.0,45.96882806648982,1.2618199576146254
非線形最小二乗,,0,46.400000000000006,46.36744934874605,1.2950019677734765
非線形最小二乗,,0,46.800000000000004,46.76602228915939,1.3287596797142665
非線形最小二乗,,0,47.2,47.16454562878432,1.3630979850542058
非線形最小二乗,,0,47.6,47.56301808708668,1.398021772321661
非線形最小二乗,,0,48.0,47.961438361826204,1.433535926907831
非線形最小二乗,,0,48.400000000000006,48.35980512872261,1.4696453309098438
非線形最小二乗,,0,48.800000000000004,48.75811704133434,1.5063548630751598
非線形最小二乗,,0,49.2,49.15637273104053,1.54366939879276
非線形最小二乗,,0,49.6,49.554570806729714,1.58159380994475
非線形最小二乗,,0,50.0,49.95270985470294,1.6201329648620997
非線形最小二乗,,0,50.400000000000006,50.3507884383242,1.6592917281459472
非線形最小二乗,,0,50.800000000000004,50.74880509793201,1.6990749606233897
非線形最小二乗,,0,51.2,51.14675835080711,1.7394875193303443
非線形最小二乗,,0,51.6,51.544646690849184,1.7805342573440832
非線形最小二乗,,0,52.0,51.942468588490094,1.8222200237385116
非線形最小二乗,,0,52.400000000000006,52.34022249034108,1.8645496633883543
非線形最小二乗,,0,52.800000000000004,52.737906819132775,1.9075280169365643
非線形最小二乗,,0,53.2,53.135519973663285,1.9511599207643655
非線形最小二乗,,0,53.6,53.53306032847297,1.9954502068086541
非線形最小二乗,,0,54.0,53.9305262337561,2.0404037025103
非線形最小二乗,,0,54.400000000000006,54.32791601501772,2.086025230607734
非線形最小二乗,,0,54.800000000000004,54.72522797303665,2.1323196091150995
非線形最小二乗,,0,55.2,55.12246038378802,2.1792916512738763
非線形最小二乗,,0,55.6,55.51961149812838,2.2269461653615825
非線形最小二乗,,0,56.0,55.91667954169374,2.2752879546247997
非線形最小二乗,,0,56.400000000000006,56.3136627145781,2.3243218170698556
非線形最小二乗,,0,56.800000000000004,56.71055919131345,2.3740525454500445
非線形最小二乗,,0,57.2,57.10736712076116,2.4244849271921587
非線形最小二乗,,0,57.6,57.504084625821065,2.475623744205611
非線形最小二乗,,0,58.0,57.900709803303705,2.5274737727900694
非線形最小二乗,,0,58.400000000000006,58.29724072364103,2.580039783431655
非線形最小二乗,,0,58.800000000000004,58.69367543087775,2.6333265407970115
非線形最小二乗,,0,59.2,59.09001194252635,2.6873388036271835
非線形最小二乗,,0,59.6,59.48624824931436,2.7420813245589164
非線形最小二乗,,0,60.0,59.88238231501922,2.797558849994958
非線形最小二乗,,0,60.400000000000006,60.27841207621949,2.853776119914584
非線形最小二乗,,0,60.800000000000004,60.67433544229261,2.910737867871969
非線形最小二乗,,0,61.2,61.07015029522942,2.9684488208493
非線形最小二乗,,0,61.6,61.46585448943318,3.0269136991042638
非線形最小二乗,,0,62.0,61.861445851506346,3.086137215989397
非線形最小二乗,,0,62.400000000000006,62.25692218004874,3.146124077785863
非線形最小二乗,,0,62.800000000000004,62.65228124565627,3.206878983702359
非線形最小二乗,,0,63.2,63.047520790698556,3.268406625684716
非線形最小二乗,,0,63.6,63.44263852916901,3.3307116882941448
非線形最小二乗,,0,64.0,63.837632146427005,3.393798848471733
非線形最小二乗,,0,64.4,64.23249929904107,3.457672775398736
非線形最小二乗,,0,64.8,64.62723761478394,3.5223381304919337
非線形最小二乗,,0,65.2,65.0218446923852,3.587799567174675
非線形最小二乗,,0,65.60000000000001,65.41631810141615,3.654061730776342
非線形最小二乗,,0,66.0,65.81065538200588,3.721129258252188
非線形最小二乗,,0,66.4,66.20485404471911,3.789006778065528
非線形最小二乗,,0,66.8,66.59891157054604,3.857698910177437
非線形最小二乗,,0,67.2,66.99282541063978,3.9272102657838484
非線形最小二乗,,0,67.60000000000001,67.38659298622416,3.9975454472284437
非線形最小二乗,,0,68.0,67.78021168829721,4.068709047686066
非線形最小二乗,,0,68.4,68.17367887753521,4.140705651062357
非線形最小二乗,,0,68.8,68.5669918842767,4.21353983197632
非線形最小二乗,,0,69.2,68.96014800825245,4.287216155467515
非線形最小二乗,,0,69.60000000000001,69.35314451850815,4.361739176916404
非線形最小二乗,,0,70.0,69.7459786531047,4.4371134416974325
非線形最小二乗,,0,70.4,70.13864761904131,4.5133434850919425
非線形最小二乗,,0,70.8,70.53114859223446,4.590433832262946
非線形最小二乗,,0,71.2,70.92347871724607,4.668388997935719
非線形最小二乗,,0,71.60000000000001,71.31563510721595,4.747213486321374
非線形最小二乗,,0,72.0,71.70761484356493,4.8269117907436465
非線形最小二乗,,0,72.4,72.09941497593164,4.907488393561167
非線形最小二乗,,0,72.8,72.49103252214753,4.98894776613478
非線形最小二乗,,0,73.2,72.88246446796765,5.071294368483943
非線形最小二乗,,0,73.60000000000001,73.27370776700981,5.154532649210956
非線形最小二乗,,0,74.0,73.66475934046427,5.238667045103641
非線形最小二乗,,0,74.4,74.05561607703989,5.323701981063138
非線形最小二乗,,0,74.8,74.44627483293687,5.409641870065244
非線形最小二乗,,0,75.2,74.83673243158346,5.496491112794082
非線形最小二乗,,0,75.60000000000001,75.22698566358022,5.584254097565905
非線形最小二乗,,0,76.0,75.6170312864185,5.672935199908281
非線形最小二乗,,0,76.4,76.00686602443218,5.762538782489532
非線形最小二乗,,0,76.80000000000001,76.39648656877073,5.853069195076609
非線形最小二乗,,0,77.2,76.78588957714372,5.944530774146811
非線形最小二乗,,0,77.60000000000001,77.17507167376982,6.036927842811156
非線形最小二乗,,0,78.0,77.56402944910536,6.130264710369667
非線形最小二乗,,0,78.4,77.9527594597987,6.2245456722381745
非線形最小二乗,,0,78.80000000000001,78.34125822867207,6.319775009917836
非線形最小二乗,,0,79.2,78.72952224447427,6.415956990581632
非線形最小二乗,,0,79.60000000000001,79.11754796176082,6.513095866866323
非線形最小二乗,,0,80.0,79.50533180077974,6.611195876666839
PINN,10.0,1,0.0,0.0,-0.0
PINN,10.0,1,0.4,0.3997948733322848,-0.001401409480567162
PINN,10.0,1,0.8,0.7996231243976758,-0.0027268178319704403
PINN,10.0,1,1.2000000000000002,1.1994831895392901,-0.003972931865421137
PINN,10.0,1,1.6,1.5993735339032447,-0.005136403588221449
PINN,10.0,1,2.0,1.9992926512997353,-0.006213830154896349
PINN,10.0,1,2.4000000000000004,2.399239064053358,-0.007201753827376935
PINN,10.0,1,2.8000000000000003,2.799211322842628,-0.00809666194434222
PINN,10.0,1,3.2,3.199208006528662,-0.008894986899831281
PINN,10.0,1,3.6,3.5992277219729467,-0.009593106131237393
PINN,10.0,1,4.0,3.999269103844194,-0.010187342116798838
PINN,10.0,1,4.4,4.3993308144141885,-0.010673962382700233
PINN,10.0,1,4.800000000000001,4.799411543342621,-0.01104917951990232
PINN,10.0,1,5.2,5.199510007450852,-0.011309151210818214
PINN,10.0,1,5.6000000000000005,5.599624950484541,-0.01144998026595674
PINN,10.0,1,6.0,5.999755142865132,-0.011467714670654605
PINN,10.0,1,6.4,6.399899381430111,-0.011358347642019062
PINN,10.0,1,6.800000000000001,6.800056489162035,-0.011117817696208855
PINN,10.0,1,7.2,7.200225314906249,-0.010742008726174212
PINN,10.0,1,7.6000000000000005,7.600404733077287,-0.010226750089993209
PINN,10.0,1,8.0,8.000593643353866,-0.009567816709918908
PINN,10.0,1,8.4,8.400790970362502,-0.008760929182280653
PINN,10.0,1,8.8,8.800995663349628,-0.007801753898372567
PINN,10.0,1,9.200000000000001,9.20120669584224,-0.006685903176442887
PINN,10.0,1,9.600000000000001,9.601423065296995,-0.0054089354049449605
PINN,10.0,1,10.0,10.00164379273775,-0.003966355197164706
PINN,10.0,1,10.4,10.401867922381491,-0.002353613557370782
PINN,10.0,1,10.8,10.802094521252599,-0.0005661080586289558
PINN,10.0,1,11.200000000000001,11.202322678785478,0.001400816967602925
PINN,10.0,1,11.600000000000001,11.602551506415447,0.0035518702299211285
PINN,10.0,1,12.0,12.002780137157945,0.005891813263364076
PINN,10.0,1,12.4,12.403007725175929,0.00842546020357221
PINN,10.0,1,12.8,12.803233445335522,0.011157677548592915
PINN,10.0,1,13.200000000000001,13.203456492749822,0.014093383908188973
PINN,10.0,1,13.600000000000001,13.60367608231098,0.017237549740488124
PINN,10.0,1,14.0,14.003891448210293,0.020595197075860102
PINN,10.0,1,14.4,14.404101843446595,0.024171399227865244
PINN,10.0,1,14.8,14.804306539322665,0.027971280491110428
PINN,10.0,1,15.200000000000001,15.20450482492986,0.03200001582591767
PINN,10.0,1,15.600000000000001,15.604696006620815,0.03626283052960927
PINN,10.0,1,16.0,16.004879407470266,0.04076499989430583
PINN,10.0,1,16.400000000000002,16.40505436672406,0.04551184885107497
PINN,10.0,1,16.8,16.805220239236252,0.05050875160030116
PINN,10.0,1,17.2,17.205376394894387,0.05576113122812015
PINN,10.0,1,17.6,17.605522218032892,0.061274459308799364
PINN,10.0,1,18.0,18.005657106834768,0.06705425549290817
PINN,10.0,1,18.400000000000002,18.405780472721386,0.07310608708114984
PINN,10.0,1,18.8,18.805891739730562,0.07943556858371092
PINN,10.0,1,19.200000000000003,19.205990343882984,0.08604836126500129
PINN,10.0,1,19.6,19.606075732536873,0.0929501726736707
PINN,10.0,1,20.0,20.006147363731092,0.1001467561577063
PINN,10.0,1,20.400000000000002,20.40620470551665,0.10764391036457346
PINN,10.0,1,20.8,20.806247235276697,0.11544747872620181
PINN,10.0,1,21.200000000000003,21.206274439035116,0.12356334892873723
PINN,10.0,1,21.6,21.606285810753725,0.13199745236688898
PINN,10.0,1,22.0,22.006280851618193,0.14075576358283248
PINN,10.0,1,22.400000000000002,22.406259069312775,0.14984429968947685
PINN,10.0,1,22.8,22.806219977283945,0.1592691197780283
PINN,10.0,1,23.200000000000003,23.206163093993077,0.16903632430973106
PINN,10.0,1,23.6,23.60608794215817,0.1791520544916832
PINN,10.0,1,24.0,24.005994047984892,0.18962249163663025
PINN,10.0,1,24.400000000000002,24.40588094038697,0.2004538565066477
PINN,10.0,1,24.8,24.805748150196067,0.21165240864059523
PINN,10.0,1,25.200000000000003,25.205595209361405,0.22322444566531194
PINN,10.0,1,25.6,25.60542165013906,0.23517630259041056
PINN,10.0,1,26.0,26.005227004271415,0.24751435108663342
PINN,10.0,1,26.400000000000002,26.40501080215664,0.26024499874770357
PINN,10.0,1,26.8,26.8047725720086,0.27337468833557743
PINN,10.0,1,27.200000000000003,27.204511839007267,0.2869098970091002
PINN,10.0,1,27.6,27.60422812443991,0.30085713553592863
PINN,10.0,1,28.0,28.00392094483323,0.3152229474877627
PINN,10.0,1,28.400000000000002,28.403589811076788,0.3300139084187923
PINN,10.0,1,28.8,28.803234227537654,0.3452366250273742
PINN,10.0,1,29.200000000000003,29.20285369116712,0.36089773430085464
PINN,10.0,1,29.6,29.602447690598936,0.37700390264361366
PINN,10.0,1,30.0,30.002015705240108,0.39356182498821307
PINN,10.0,1,30.400000000000002,30.40155720435411,0.4105782238897738
PINN,10.0,1,30.8,30.80107164613688,0.4280598486034842
PINN,10.0,1,31.200000000000003,31.200558476785965,0.4460134741453104
PINN,10.0,1,31.6,31.600017129563135,0.4644459003359751
PINN,10.0,1,32.0,31.999447023850784,0.4833639508281334
PINN,10.0,1,32.4,32.39884756420251,0.5027744721169093
PINN,10.0,1,32.800000000000004,32.79821813938805,0.522684332533785
PINN,10.0,1,33.2,33.19755812143326,0.5431004212238986
PINN,10.0,1,33.6,33.59686686465526,0.5640296471069045
PINN,10.0,1,34.0,33.99614370469328,0.5854789378214001
PINN,10.0,1,34.4,34.3953879575355,0.6074552386530392
PINN,10.0,1,34.800000000000004,34.79459891854246,0.6299655114464873
PINN,10.0,1,35.2,35.1937758614674,0.6530167335012913
PINN,10.0,1,35.6,35.59291803747398,0.6766158964517794
PINN,10.0,1,36.0,35.992024674151736,0.700770005131231
PINN,10.0,1,36.4,36.39109497453007,0.725486076420335
PINN,10.0,1,36.800000000000004,36.79012811609087,0.7507711380802257
PINN,10.0,1,37.2,37.189123249780486,0.7766322275701987
PINN,10.0,1,37.6,37.588079499021674,0.8030763908503252
PINN,10.0,1,38.0,37.98699595872558,0.8301106811691952
PINN,10.0,1,38.400000000000006,38.385871694305045,0.8577421578369206
PINN,10.0,1,38.800000000000004,38.78470574068886,0.8859778849837713
PINN,10.0,1,39.2,39.1834971013385,0.914824930304514
PINN,10.0,1,39.6,39.58224474726709,0.944290363788856
PINN,10.0,1,40.0,39.98094761606171,0.9743812564381948
PINN,10.0,1,40.400000000000006,40.379604610909354,1.0051046789689124
PINN,10.0,1,40.800000000000004,40.778214599627276,1.0364677005026315
PINN,10.0,1,41.2,41.17677641369852,1.068477387243624
PINN,10.0,1,41.6,41.57528884731262,1.1011408011437671
PINN,10.0,1,42.0,41.97375065641293,1.1344649985553086
PINN,10.0,1,42.400000000000006,42.372160557750725,1.1684570288718774
PINN,10.0,1,42.800000000000004,42.770517227946726,1.2031239331580554
PINN,10.0,1,43.2,43.16881930256098,1.2384727427678441
PINN,10.0,1,43.6,43.56706537517156,1.2745104779525138
PINN,10.0,1,44.0,43.965253996462735,1.3112441464581595
PINN,10.0,1,44.400000000000006,44.36338367332353,1.3486807421133622
PINN,10.0,1,44.800000000000004,44.761452867957054,1.3868272434074802
PINN,10.0,1,45.2,45.1594599970015,1.4256906120599115
PINN,10.0,1,45.6,45.55740343066353,1.4652777915808488
PINN,10.0,1,46.0,45.95528149186453,1.5055957058239398
PINN,10.0,1,46.400000000000006,46.35309245540084,1.5466512575313731
PINN,10.0,1,46.800000000000004,46.750834547118096,1.5884513268718636
PINN,10.0,1,47.2,47.148505943100965,1.631002769972045
PINN,10.0,1,47.6,47.54610476887878,1.674312417441797
PINN,10.0,1,48.0,47.9436290986476,1.7183870728940123
PINN,10.0,1,48.400000000000006,48.34107695450962,1.763233511459354
PINN,10.0,1,48.800000000000004,48.73844630573062,1.8088584782965462
PINN,10.0,1,49.2,49.135735068016295,1.8552686870988113
PINN,10.0,1,49.6,49.532941102807726,1.9024708185969303
PINN,10.0,1,50.0,49.930062216597236,1.950471519059617
PINN,10.0,1,50.400000000000006,50.32709616026509,1.9992773987917043
PINN,10.0,1,50.800000000000004,50.724040628437585,2.048895030630799
PINN,10.0,1,51.2,51.12089325886764,2.0993309484430513
PINN,10.0,1,51.6,51.51765163183811,2.150591645618551
PINN,10.0,1,52.0,51.914313269588924,2.2026835735671004
PINN,10.0,1,52.400000000000006,52.3108756357682,2.2556131402149275
PINN,10.0,1,52.800000000000004,52.70733613490874,2.3093867085030197
PINN,10.0,1,53.2,53.103692111929846,2.364010594887699
PINN,10.0,1,53.6,53.49994085166539,2.4194910678441723
PINN,10.0,1,54.0,53.89607957841892,2.4758343463736057
PINN,10.0,1,54.400000000000006,54.29210545554615,2.5330465985145474
PINN,10.0,1,54.800000000000004,54.688015585065585,2.591133939859187
PINN,10.0,1,55.2,55.0838070072978,2.6501024320753612
PINN,10.0,1,55.6,55.47947670053398,2.709958081434772
PINN,10.0,1,56.0,55.875021580734426,2.7707068373482926
PINN,10.0,1,56.400000000000006,56.270438501257246,2.8323545909089187
PINN,10.0,1,56.800000000000004,56.66572425261784,2.894907173443109
PINN,10.0,1,57.2,57.06087556228006,2.9583703550713008
PINN,10.0,1,57.6,57.455889094479005,3.0227498432781092
PINN,10.0,1,58.0,57.85076145007625,3.088051281493126
PINN,10.0,1,58.400000000000006,58.24548916644754,3.1542802476828506
PINN,10.0,1,58.800000000000004,58.64006871740423,3.2214422529545415
PINN,10.0,1,59.2,59.03449651314772,3.2895427401726645
PINN,10.0,1,59.6,59.428768900258085,3.3585870825886537
PINN,10.0,1,60.0,59.82288216171703,3.428580582484626
PINN,10.0,1,60.400000000000006,60.21683251696528,3.499528469831815
PINN,10.0,1,60.800000000000004,60.610616121994966,3.5714359009643424
PINN,10.0,1,61.2,61.004229069477205,3.6443079572690995
PINN,10.0,1,61.6,61.39766738892489,3.718149643892295
PINN,10.0,1,62.0,61.79092704689124,3.792965888463441
PINN,10.0,1,62.400000000000006,62.18400394720411,3.868761539837487
PINN,10.0,1,62.800000000000004,62.57689393123626,3.945541366855523
PINN,10.0,1,63.2,62.969592778211464,4.023310057125013
PINN,10.0,1,63.6,63.36209620554713,4.102072215820061
PINN,10.0,1,64.0,63.754399869232756,4.181832364502219
PINN,10.0,1,64.4,64.14649936424497,4.262594939962736
PINN,10.0,1,64.8,64.5383902249985,4.344364293086615
PINN,10.0,1,65.2,64.93006792583361,4.4271446877392355
PINN,10.0,1,65.60000000000001,65.32152788153955,4.510940299676067
PINN,10.0,1,66.0,65.712765447914,4.595755215476049
PINN,10.0,1,66.4,66.10377592235854,4.681593431499302
PINN,10.0,1,66.8,66.49455454450994,4.76845885286955
PINN,10.0,1,67.2,66.88509649690684,4.856355292482009
PINN,10.0,1,67.60000000000001,67.27539690569193,4.945286470037022
PINN,10.0,1,68.0,67.66545084134916,5.035256011100281
PINN,10.0,1,68.4,68.05525331947565,5.126267446189746
PINN,10.0,1,68.8,68.44479930158839,5.218324209890053
PINN,10.0,1,69.2,68.83408369596475,5.311429639994769
PINN,10.0,1,69.60000000000001,69.22310135851694,5.405586976676895
PINN,10.0,1,70.0,69.61184709369955,5.500799361688092
PINN,10.0,1,70.4,70.00031565545042,5.5970698375870835
PINN,10.0,1,70.8,70.38850174816343,5.694401346997569
PINN,10.0,1,71.2,70.77640002769363,5.792796731896055
PINN,10.0,1,71.60000000000001,71.16400510239338,5.892258732929941
PINN,10.0,1,72.0,71.55131153417949,5.992789988766193
PINN,10.0,1,72.4,71.93831383963071,6.0943930354710885
PINN,10.0,1,72.8,72.32500649111435,6.1970703059209855
PINN,10.0,1,73.2,72.71138391794244,6.300824129244735
PINN,10.0,1,73.60000000000001,73.09744050755559,6.405656730297875
PINN,10.0,1,74.0,73.48317060673493,6.51157022916875
PINN,10.0,1,74.4,73.86856852284052,6.618566640716963
PINN,10.0,1,74.8,74.25362852507591,6.726647874144174
PINN,10.0,1,75.2,74.63834484577836,6.835815732597555
PINN,10.0,1,75.60000000000001,75.02271168173293,6.946071912806032
PINN,10.0,1,76.0,75.40672319551105,7.057418004749353
PINN,10.0,1,76.4,75.79037351683138,7.169855491360256
PINN,10.0,1,76.80000000000001,76.17365674394262,7.283385748259651
PINN,10.0,1,77.2,76.55656694502821,7.398010043525101
PINN,10.0,1,77.60000000000001,76.93909815963023,7.513729537492403
PINN,10.0,1,78.0,77.32124440009355,7.6305452825905284
PINN,10.0,1,78.4,77.7029996530276,7.748458223209795
PINN,10.0,1,78.80000000000001,78.08435788078621,7.867469195603233
PINN,10.0,1,79.2,78.46531302296347,7.9875789278212785
PINN,10.0,1,79.60000000000001,78.84585899790554,8.10878803967952
PINN,10.0,1,80.0,79.22598970423658,8.231097042759599
PINN,100.0,1,0.0,0.0,-0.0
PINN,100.0,1,0.4,0.3999309807322785,-0.00026915629477745065
PINN,100.0,1,0.8,0.7998825153629169,-0.0004920733922024079
PINN,100.0,1,1.2000000000000002,1.1998534518611146,-0.0006653454529913063
PINN,100.0,1,1.6,1.5998426655678406,-0.000785524369112034
PINN,100.0,1,2.0,1.9998490589728584,-0.0008491197384258298
PINN,100.0,1,2.4000000000000004,2.3998715614821062,-0.0008525988454841206
PINN,100.0,1,2.8000000000000003,2.799909129175424,-0.0007923866485997522
PINN,100.0,1,3.2,3.1999607445546348,-0.0006648657733163254
PINN,100.0,1,3.6,3.6000254162819463,-0.0004663765123897212
PINN,100.0,1,4.0,4.000102178908714,-0.0001932168324176864
PINN,100.0,1,4.4,4.400190092594505,0.00015835761276796758
PINN,100.0,1,4.800000000000001,4.800288242816511,0.0005921334618109509
PINN,100.0,1,5.2,5.200395740069275,0.0011119396185132802
PINN,100.0,1,5.6000000000000005,5.600511719554743,0.0017216472173683162
PINN,100.0,1,6.0,6.00063534086262,0.002425169581790343
PINN,100.0,1,6.4,6.400765787641087,0.0032264621749394707
PINN,100.0,1,6.800000000000001,6.800902267257781,0.004129522542963593
PINN,100.0,1,7.2,7.201044010451154,0.0051383902505595545
PINN,100.0,1,7.6000000000000005,7.601190270972094,0.006257146808681058
PINN,100.0,1,8.0,8.001340325215956,0.007489915594276032
PINN,100.0,1,8.4,8.401493471844828,0.008840861761898968
PINN,100.0,1,8.8,8.80164903140024,0.010314192147046097
PINN,100.0,1,9.200000000000001,9.201806345906139,0.011914155161095355
PINN,100.0,1,9.600000000000001,9.601964778462257,0.01364504067767243
PINN,100.0,1,10.0,10.002123712827862,0.015511179910308592
PINN,100.0,1,10.4,10.402282552995883,0.01751694528125123
PINN,100.0,1,10.8,10.80244072275742,0.019666750281250867
PINN,100.0,1,11.200000000000001,11.202597665256667,0.02196504932020065
PINN,100.0,1,11.600000000000001,11.60275284253633,0.024416337568454665
PINN,100.0,1,12.0,12.002905735073456,0.0270251507886774
PINN,100.0,1,12.4,12.40305584130573,0.02979606515808104
PINN,100.0,1,12.8,12.80320267714834,0.03273369708086875
PINN,100.0,1,13.200000000000001,13.203345775501365,0.03584270299075957
PINN,100.0,1,13.600000000000001,13.603484685747711,0.03912777914341179
PINN,100.0,1,14.0,14.003618973241728,0.04259366139859888
PINN,100.0,1,14.4,14.403748218788415,0.04624512499199036
PINN,100.0,1,14.8,14.803872018113353,0.05008698429634234
PINN,100.0,1,15.200000000000001,15.20398998132341,0.05412409257200124
PINN,100.0,1,15.600000000000001,15.604101732358197,0.05836134170648665
PINN,100.0,1,16.0,16.00420690843242,0.06280366194306142
PINN,100.0,1,16.400000000000002,16.4043051594691,0.06745602159809713
PINN,100.0,1,16.8,16.80439614752381,0.07232342676706954
PINN,100.0,1,17.2,17.20447954619995,0.07741092101906032
PINN,100.0,1,17.6,17.604555040055093,0.08272358507955851
PINN,100.0,1,18.0,18.00462232399861,0.08826653650147875
PINN,100.0,1,18.400000000000002,18.404681102680485,0.09404492932413368
PINN,100.0,1,18.8,18.80473108987154,0.10006395372011387
PINN,100.0,1,19.200000000000003,19.204772007835135,0.1063288356298678
PINN,100.0,1,19.6,19.604803586690373,0.1128448363838097
PINN,100.0,1,20.0,20.004825563767,0.11961725231186549
PINN,100.0,1,20.400000000000002,20.40483768295209,0.12665141434024127
PINN,100.0,1,20.8,20.804839694028566,0.13395268757531859
PINN,100.0,1,21.200000000000003,21.204831352005794,0.14152647087449685
PINN,100.0,1,21.6,21.604812416442254,0.14937819640387137
PINN,100.0,1,22.0,22.004782650760554,0.1575133291825455
PINN,100.0,1,22.400000000000002,22.404741821554776,0.16593736661352987
PINN,100.0,1,22.8,22.804689697890517,0.17465583800099643
PINN,100.0,1,23.200000000000003,23.20462605059744,0.18367430405384064
PINN,100.0,1,23.6,23.60455065155502,0.19299835637533225
PINN,100.0,1,24.0,24.004463272970973,0.20263361693881898
PINN,100.0,1,24.400000000000002,24.404363686653344,0.21258573754929375
PINN,100.0,1,24.8,24.804251663275583,0.22286039929072685
PINN,100.0,1,25.200000000000003,25.204126971635556,0.2334633119590589
PINN,100.0,1,25.6,25.6039893779083,0.24440021348073343
PINN,100.0,1,26.0,26.003838644892703,0.25567686931665007
PINN,100.0,1,26.400000000000002,26.40367453125251,0.26729907185146495
PINN,100.0,1,26.8,26.80349679075187,0.2792726397681
PINN,100.0,1,27.200000000000003,27.203305171485425,0.29160341740743806
PINN,100.0,1,27.6,27.603099415103554,0.30429727411300145
PINN,100.0,1,28.0,28.002879256032625,0.3173601035606829
PINN,100.0,1,28.400000000000002,28.402644420690898,0.330797823073318
PINN,100.0,1,28.8,28.802394626700014,0.34461637292012137
PINN,100.0,1,29.200000000000003,29.202129582092617,0.3588217156008477
PINN,100.0,1,29.6,29.601848984516195,0.3734198351147336
PINN,100.0,1,30.0,30.00155252043364,0.3884167362140187
PINN,100.0,1,30.400000000000002,30.401239864320566,0.4038184436421532
PINN,100.0,1,30.8,30.800910677859974,0.41963100135656306
PINN,100.0,1,31.200000000000003,31.20056460913441,0.4358604717359814
PINN,100.0,1,31.6,31.600201291816056,0.4525129347723179
PINN,100.0,1,32.0,31.999820344354973,0.4695944872470754
PINN,100.0,1,32.4,32.399421369165985,0.4871112418922876
PINN,100.0,1,32.800000000000004,32.799003951814484,0.5050693265359782
PINN,100.0,1,33.2,33.19856766020153,0.5234748832322336
PINN,100.0,1,33.6,33.5981120437487,0.5423340673757765
PINN,100.0,1,34.0,33.99763663258285,0.561653046801222
PINN,100.0,1,34.4,34.3971409367216,0.581438000866991
PINN,100.0,1,34.800000000000004,34.79662444525948,0.6016951195238986
PINN,100.0,1,35.2,35.1960866255554,0.6224306023685786
PINN,100.0,1,35.6,35.595526922422,0.6436506576817507
PINN,100.0,1,36.0,35.99494475731689,0.6653615014514307
PINN,100.0,1,36.4,36.39433952753663,0.6875693563812204
PINN,100.0,1,36.800000000000004,36.79371060541375,0.7102804508837275
PINN,100.0,1,37.2,37.19305733751703,0.7335010180592909
PINN,100.0,1,37.6,37.5923790438561,0.7572372946601176
PINN,100.0,1,38.0,37.99167501709003,0.7814955200400021
PINN,100.0,1,38.400000000000006,38.390944521741105,0.8062819350897366
PINN,100.0,1,38.800000000000004,38.790186793413724,0.8316027811584514
PINN,100.0,1,39.2,39.18940103801937,0.8574642989610288
PINN,100.0,1,39.6,39.58858643100774,0.883872727471794
PINN,100.0,1,40.0,39.98774211660485,0.9108343028046728
PINN,100.0,1,40.400000000000006,40.3868672070583,0.938355257080127
PINN,100.0,1,40.800000000000004,40.785960781890545,0.9664418172789826
PINN,100.0,1,41.2,41.18502188716054,0.9951002040834654
PINN,100.0,1,41.6,41.58404953473407,1.024336630705758
PINN,100.0,1,42.0,41.983042701563704,1.0541573017042518
PINN,100.0,1,42.400000000000006,42.38200032897852,1.0845684117878434
PINN,100.0,1,42.800000000000004,42.780921321984344,1.1155761446086414
PINN,100.0,1,43.2,43.17980454857492,1.1471866715432617
PINN,100.0,1,43.6,43.578648839054644,1.1794061504631785
PINN,100.0,1,44.0,43.97745298537325,1.2122407244944482
PINN,100.0,1,44.400000000000006,44.37621574047317,1.2456965207670891
PINN,100.0,1,44.800000000000004,44.77493581764988,1.279779649154662
PINN,100.0,1,45.2,45.173611889925944,1.3144962010042458
PINN,100.0,1,45.6,45.57224258943921,1.349852247857398
PINN,100.0,1,46.0,45.97082650684569,1.3858538401624119
PINN,100.0,1,46.400000000000006,46.369362190737704,1.4225070059783207
PINN,100.0,1,46.800000000000004,46.76784814707756,1.4598177496711795
PINN,100.0,1,47.2,47.16628283864786,1.497792050602953
PINN,100.0,1,47.6,47.56466468451819,1.5364358618136005
PINN,100.0,1,48.0,47.96299205952943,1.5757551086969022
PINN,100.0,1,48.400000000000006,48.361263293795595,1.6157556876702774
PINN,100.0,1,48.800000000000004,48.75947667222415,1.6564434648394422
PINN,100.0,1,49.2,49.157630434055015,1.6978242746582326
PINN,100.0,1,49.6,49.555722772418996,1.7399039185841816
PINN,100.0,1,50.0,49.953751833915675,1.782688163730487
PINN,100.0,1,50.400000000000006,50.35171571821194,1.8261827415148018
PINN,100.0,1,50.800000000000004,50.749612477660705,1.8703933463056046
PINN,100.0,1,51.2,51.147440116941326,1.915325634066616
PINN,100.0,1,51.6,51.54519659272115,1.9609852209999188
PINN,100.0,1,52.0,51.94287981333926,2.007377682188439
PINN,100.0,1,52.400000000000006,52.34048763851267,2.0545085502383436
PINN,100.0,1,52.800000000000004,52.73801787906525,2.10238331392205
PINN,100.0,1,53.2,53.13546829667998,2.1510074168225413
PINN,100.0,1,53.6,53.532836603674816,2.200386255979547
PINN,100.0,1,54.0,53.93012046280238,2.250525180538358
PINN,100.0,1,54.400000000000006,54.32731748707408,2.3014294904018815
PINN,100.0,1,54.800000000000004,54.724425239609,2.3531044348867383
PINN,100.0,1,55.2,55.121441233507376,2.4055552113839602
PINN,100.0,1,55.6,55.51836293174989,2.4587869640250695
PINN,100.0,1,56.0,55.91518774712196,2.5128047823543276
PINN,100.0,1,56.400000000000006,56.31191304216435,2.567613700007702
PINN,100.0,1,56.800000000000004,56.70853612914933,2.6232186933993784
PINN,100.0,1,57.2,57.10505427008367,2.679624680416617
PINN,100.0,1,57.6,57.50146467673774,2.7368365191234907
PINN,100.0,1,58.0,57.89776451070138,2.7948590064744905
PINN,100.0,1,58.400000000000006,58.293950883466856,2.8536968770384554
PINN,100.0,1,58.800000000000004,58.69002085653851,2.913354801733866
PINN,100.0,1,59.2,59.08597144156972,2.973837386575969
PINN,100.0,1,59.6,59.481799600527125,3.035149171436781
PINN,100.0,1,60.0,59.87750224588203,3.097294628818309
PINN,100.0,1,60.400000000000006,60.27307624082933,3.1602781626402026
PINN,100.0,1,60.800000000000004,60.66851839953378,3.2241041070421854
PINN,100.0,1,61.2,61.06382548740376,3.288776725202218
PINN,100.0,1,61.6,61.45899422139248,3.3543002081711077
PINN,100.0,1,62.0,61.85402127032634,3.4206786737242174
PINN,100.0,1,62.400000000000006,62.248903255261126,3.4879161652310424
PINN,100.0,1,62.800000000000004,62.64363674986504,3.556016650543454
PINN,100.0,1,63.2,63.038218280828985,3.6249840209031845
PINN,100.0,1,63.6,63.43264432830415,3.694822089869365
PINN,100.0,1,64.0,63.82691132636612,3.7655345922668038
PINN,100.0,1,64.4,64.22101566350607,3.8371251831556563
PINN,100.0,1,64.8,64.61495368314816,3.9095974368231703
PINN,100.0,1,65.2,65.00872168419355,3.9829548457982966
PINN,100.0,1,65.60000000000001,65.40231592159016,4.057200819889587
PINN,100.0,1,66.0,65.79573260692865,4.132338685247303
PINN,100.0,1,66.4,66.1889679090634,4.2083716834501494
PINN,100.0,1,66.8,66.58201795475925,4.285302970617393
PINN,100.0,1,67.2,66.97487882936267,4.3631356165469075
PINN,100.0,1,67.60000000000001,67.36754657749765,4.441872603879729
PINN,100.0,1,68.0,67.76001720378572,4.5215168272917765
PINN,100.0,1,68.4,68.15228667358971,4.602071092713176
PINN,100.0,1,68.8,68.5443509137807,4.683538116575868
PINN,100.0,1,69.2,68.93620581352815,4.76592052508984
PINN,100.0,1,69.60000000000001,69.327847225112,4.84922085354874
PINN,100.0,1,70.0,69.71927096475709,4.933441545665089
PINN,100.0,1,70.4,70.11047281348887,5.018584952935767
PINN,100.0,1,70.8,70.50144851801,5.104653334038021
PINN,100.0,1,71.2,70.89219379159725,5.191648854256697
PINN,100.0,1,71.60000000000001,71.28270431501849,5.279573584942749
PINN,100.0,1,72.0,71.67297573746856,5.368429503003687
PINN,100.0,1,72.4,72.06300367752405,5.4582184904261934
PINN,100.0,1,72.8,72.45278372411606,5.548942333831208
PINN,100.0,1,73.2,72.84231143752037,5.640602724061914
PINN,100.0,1,73.60000000000001,73.23158235036426,5.733201255804758
PINN,100.0,1,74.0,73.62059196864989,5.826739427243885
PINN,100.0,1,74.4,74.00933577279261,5.921218639749167
PINN,100.0,1,74.8,74.39780921867455,6.01664019759799
PINN,100.0,1,75.2,74.78600773871203,6.113005307731079
PINN,100.0,1,75.60000000000001,75.17392674293649,6.2103150795424344
PINN,100.0,1,76.0,75.56156162008833,6.308570524703546
PINN,100.0,1,76.4,75.94890773872234,6.407772557021996
PINN,100.0,1,76.80000000000001,76.3359604483249,6.507921992334465
PINN,100.0,1,77.2,76.7227150804413,6.609019548434263
PINN,100.0,1,77.60000000000001,77.1091669498133,6.711065845033398
PINN,100.0,1,78.0,77.4953113555254,6.814061403759089
PINN,100.0,1,78.4,77.88114358215974,6.918006648184873
PINN,100.0,1,78.80000000000001,78.26665890095836,7.022901903895958
PINN,100.0,1,79.2,78.65185257099253,7.1287473985891046
PINN,100.0,1,79.60000000000001,79.03671984033798,7.235543262206622
PINN,100.0,1,80.0,79.42125594725553,7.343289527104421
PINN,1000.0,1,0.0,0.0,-0.0
PINN,1000.0,1,0.4,0.4007622181157454,-0.0016223418002903002
PINN,1000.0,1,0.8,0.8014958645487529,-0.0031197786405232075
PINN,1000.0,1,1.2000000000000002,1.2022007536671258,-0.004489837167983136
PINN,1000.0,1,1.6,1.6028767314707115,-0.005730028369856654
PINN,1000.0,1,2.0,2.0035236751919823,-0.006837847773269318
PINN,1000.0,1,2.4000000000000004,2.4041414928881,-0.007810775651080639
PINN,1000.0,1,2.8000000000000003,2.8047301230242567,-0.008646277233463341
PINN,1000.0,1,3.2,3.2052895340483865,-0.009341802925285903
PINN,1000.0,1,3.6,3.6058197239573357,-0.009894788529328201
PINN,1000.0,1,4.0,4.006320719854579,-0.010302655475338984
PINN,1000.0,1,4.4,4.406792577499593,-0.010562811054965827
PINN,1000.0,1,4.800000000000001,4.807235380848969,-0.010672648662563369
PINN,1000.0,1,5.2,5.207649241589368,-0.010629548041901127
PINN,1000.0,1,5.6000000000000005,5.608034298662438,-0.010430875538781184
PINN,1000.0,1,6.0,6.008390717781756,-0.01007398435957596
PINN,1000.0,1,6.4,6.408718690941951,-0.009556214835699173
PINN,1000.0,1,6.800000000000001,6.80901843592007,-0.008874894694004792
PINN,1000.0,1,7.2,7.209290195769329,-0.008027339333138617
PINN,1000.0,1,7.6000000000000005,7.609534238305339,-0.0070108521058220635
PINN,1000.0,1,8.0,8.009750855584938,-0.005822724607087104
PINN,1000.0,1,8.4,8.409940363377734,-0.004460236968444509
PINN,1000.0,1,8.8,8.810103100630476,-0.0029206581579987573
PINN,1000.0,1,9.200000000000001,9.210239428924398,-0.0012012462864787968
PINN,1000.0,1,9.600000000000001,9.610349731925597,0.0007007510808000107
PINN,1000.0,1,10.0,10.010434414828653,0.002788096606070739
PINN,1000.0,1,10.4,10.410493903793574,0.005063562855360371
PINN,1000.0,1,10.8,10.81052864537617,0.0075299319688535045
PINN,1000.0,1,11.200000000000001,11.210539105952037,0.010189995325408497
PINN,1000.0,1,11.600000000000001,11.610525771134288,0.013046553201230843
PINN,1000.0,1,12.0,12.010489145185087,0.016102414422749123
PINN,1000.0,1,12.4,12.410429750421269,0.019360396013710517
PINN,1000.0,1,12.8,12.810348126613999,0.02282332283652728
PINN,1000.0,1,13.200000000000001,13.210244830382864,0.02649402722791325
PINN,1000.0,1,13.600000000000001,13.610120434584216,0.030375348628841264
PINN,1000.0,1,14.0,14.009975527694284,0.03447013320887287
PINN,1000.0,1,14.4,14.409810713186925,0.038781233484894484
PINN,1000.0,1,14.8,14.809626608906266,0.0433115079343144
PINN,1000.0,1,15.200000000000001,15.209423846434436,0.04806382060275027
PINN,1000.0,1,15.600000000000001,15.609203070454509,0.05304104070630189
PINN,1000.0,1,16.0,16.008964938108807,0.058246042228415236
PINN,1000.0,1,16.400000000000002,16.408710118352737,0.063681703511443
PINN,1000.0,1,16.8,16.808439291304353,0.06935090684293081
PINN,1000.0,1,17.2,17.20815314758984,0.07525653803671528
PINN,1000.0,1,17.6,17.607852387684957,0.08140148600890602
PINN,1000.0,1,18.0,18.007537721252802,0.08778864234880139
PINN,1000.0,1,18.400000000000002,18.40720986647797,0.09442090088484001
PINN,1000.0,1,18.8,18.806869549397287,0.10130115724567376
PINN,1000.0,1,19.200000000000003,19.20651750322732,0.10843230841640575
PINN,1000.0,1,19.6,19.606154467688906,0.11581725229013293
PINN,1000.0,1,20.0,20.00578118832879,0.12345888721484288
PINN,1000.0,1,20.400000000000002,20.405398415838633,0.13136011153578814
PINN,1000.0,1,20.8,20.805006905371577,0.13952382313342027
PINN,1000.0,1,21.200000000000003,21.204607415856533,0.14795291895698848
PINN,1000.0,1,21.6,21.6042007093105,0.15665029455392623
PINN,1000.0,1,22.0,22.003787550148903,0.1656188435950853
PINN,1000.0,1,22.400000000000002,22.403368704494426,0.17486145739601475
PINN,1000.0,1,22.8,22.802944939484313,0.18438102443430635
PINN,1000.0,1,23.200000000000003,23.20251702257654,0.19418042986320136
PINN,1000.0,1,23.6,23.60208572085493,0.2042625550215374
PINN,1000.0,1,24.0,24.00165180033344,0.214630276940188
PINN,1000.0,1,24.400000000000002,24.40121602526007,0.225286467845118
PINN,1000.0,1,24.8,24.800779157420134,0.23623399465717534
PINN,1000.0,1,25.200000000000003,25.200341955439708,0.2474757184887932
PINN,1000.0,1,25.6,25.59990517408895,0.2590144941377016
PINN,1000.0,1,26.0,25.999469563585947,0.27085316957782024
PINN,1000.0,1,26.400000000000002,26.399035868900967,0.28299458544747597
PINN,1000.0,1,26.8,26.798604829061663,0.295441574535109
PINN,1000.0,1,27.200000000000003,27.1981771764591,0.30819696126257484
PINN,1000.0,1,27.6,27.597753636155346,0.3212635611662806
PINN,1000.0,1,28.0,27.997334925192302,0.3346441803762338
PINN,1000.0,1,28.400000000000002,28.396921751902468,0.3483416150932408
PINN,1000.0,1,28.8,28.79651481522157,0.3623586510643574
PINN,1000.0,1,29.200000000000003,29.196114804003592,0.3766980630568434
PINN,1000.0,1,29.6,29.595722396338005,0.391362614330687
PINN,1000.0,1,30.0,29.995338258870152,0.40635505610999945
PINN,1000.0,1,30.400000000000002,30.39496304612419,0.42167812705335767
PINN,1000.0,1,30.8,30.794597399829506,0.4373345527233352
PINN,1000.0,1,31.200000000000003,31.194241948250525,0.4533270450554011
PINN,1000.0,1,31.6,31.59389730552036,0.46965830182634233
PINN,1000.0,1,32.0,31.993564070978234,0.48633100612244196
PINN,1000.0,1,32.4,32.393242828511326,0.5033478258075947
PINN,1000.0,1,32.800000000000004,32.79293414590108,0.5207114129915429
PINN,1000.0,1,33.2,33.19263857417414,0.5384244034984068
PINN,1000.0,1,33.6,33.59235664695841,0.5564894163358185
PINN,1000.0,1,34.0,33.992088879844346,0.5749090531647003
PINN,1000.0,1,34.4,34.39183576975169,0.5936858977700445
PINN,1000.0,1,34.800000000000004,34.79159779430201,0.6128225155327733
PINN,1000.0,1,35.2,35.19137541119725,0.6323214529030053
PINN,1000.0,1,35.6,35.59116905760459,0.6521852368748216
PINN,1000.0,1,36.0,35.990979149547826,0.6724163744628473
PINN,1000.0,1,36.4,36.390806081305335,0.6930173521807947
PINN,1000.0,1,36.800000000000004,36.79065022481542,0.7139906355221617
PINN,1000.0,1,37.2,37.190511929088615,0.7353386684434303
PINN,1000.0,1,37.6,37.59039151962768,0.75706387284978
PINN,1000.0,1,38.0,37.99028929785534,0.7791686480837303
PINN,1000.0,1,38.400000000000006,38.39020554055012,0.8016553704167656
PINN,1000.0,1,38.800000000000004,38.790140499290146,0.824526392544297
PINN,1000.0,1,39.2,39.19009439990595,0.8477840430840654
PINN,1000.0,1,39.6,39.590067441941585,0.8714306260782909
PINN,1000.0,1,40.0,39.99005979812495,0.8954684204997015
PINN,1000.0,1,40.400000000000006,40.39007161384734,0.919899679761766
PINN,1000.0,1,40.800000000000004,40.79010300665224,0.944726631233229
PINN,1000.0,1,41.2,41.190154065734276,0.9699514757572667
PINN,1000.0,1,41.6,41.59022485144746,0.9955763871753962
PINN,1000.0,1,42.0,41.99031539482415,1.0216035118564462
PINN,1000.0,1,42.400000000000006,42.39042569710402,1.048034968230709
PINN,1000.0,1,42.800000000000004,42.79055572927372,1.0748728463295347
PINN,1000.0,1,43.2,43.19070543161735,1.1021192073305888
PINN,1000.0,1,43.6,43.590874713278005,1.129776083108966
PINN,1000.0,1,44.0,43.99106345183032,1.1578454757943626
PINN,1000.0,1,44.400000000000006,44.39127149286465,1.1863293573345586
PINN,1000.0,1,44.800000000000004,44.79149864958281,1.2152296690653244
PINN,1000.0,1,45.2,45.191744702405536,1.2445483212870663
PINN,1000.0,1,45.6,45.59200939859198,1.2742871928483357
PINN,1000.0,1,46.0,45.99229245187153,1.3044481307364129
PINN,1000.0,1,46.400000000000006,46.39259354208774,1.3350329496751914
PINN,1000.0,1,46.800000000000004,46.792912314854995,1.3660434317305503
PINN,1000.0,1,47.2,47.1932483812277,1.3974813259233407
PINN,1000.0,1,47.6,47.59360131738261,1.429348347850266
PINN,1000.0,1,48.0,47.993970664313814,1.4616461793128053
PINN,1000.0,1,48.400000000000006,48.394355927541255,1.494376467954307
PINN,1000.0,1,48.800000000000004,48.79475657683215,1.52754082690553
PINN,1000.0,1,49.2,49.19517204593638,1.5611408344387074
PINN,1000.0,1,49.6,49.59560173233504,1.5951780336304004
PINN,1000.0,1,50.0,49.996044997002855,1.6296539320331858
PINN,1000.0,1,50.400000000000006,50.3965011641845,1.664570001356481
PINN,1000.0,1,50.800000000000004,50.79696952118471,1.6999276771565321
PINN,1000.0,1,51.2,51.197449318172644,1.7357283585357977
PINN,1000.0,1,51.6,51.59793976800021,1.7719734078518838
PINN,1000.0,1,52.0,51.99844004603474,1.8086641504360896
PINN,1000.0,1,52.400000000000006,52.39894929000596,1.8458018743218072
PINN,1000.0,1,52.800000000000004,52.79946659986745,1.8833878299828193
PINN,1000.0,1,53.2,53.19999103767241,1.9214232300817025
PINN,1000.0,1,53.6,53.60052162746415,1.9599092492283867
PINN,1000.0,1,54.0,54.00105735518112,1.9988470237490357
PINN,1000.0,1,54.400000000000006,54.4015971685765,2.038237651465395
PINN,1000.0,1,54.800000000000004,54.80213997715266,2.078082191484552
PINN,1000.0,1,55.2,55.20268465211005,2.118381663999456
PINN,1000.0,1,55.6,55.60323002631133,2.1591370501000755
PINN,1000.0,1,56.0,56.00377489425955,2.2003492915954306
PINN,1000.0,1,56.400000000000006,56.404318012091935,2.2420192908464776
PINN,1000.0,1,56.800000000000004,56.8048580975877,2.28414791060998
PINN,1000.0,1,57.2,57.20539383019113,2.326735973893475
PINN,1000.0,1,57.6,57.60592385104914,2.3697842638212925
PINN,1000.0,1,58.0,58.00644676306384,2.41329352351182
PINN,1000.0,1,58.400000000000006,58.40696113095947,2.4572644559659134
PINN,1000.0,1,58.800000000000004,58.80746548136425,2.5016977239666573
PINN,1000.0,1,59.2,59.207958302906775,2.5465939499904087
PINN,1000.0,1,59.6,59.60843804632701,2.5919537161292356
PINN,1000.0,1,60.0,60.00890312460173,2.637777564024652
PINN,1000.0,1,60.400000000000006,60.40935191308439,2.684065994812857
PINN,1000.0,1,60.800000000000004,60.80978274965957,2.7308194690813323
PINN,1000.0,1,61.2,61.21019393491133,2.7780384068368753
PINN,1000.0,1,61.6,61.61058373230607,2.8257231874850994
PINN,1000.0,1,62.0,62.01095036838935,2.873874149821292
PINN,1000.0,1,62.400000000000006,62.411292032996656,2.9224915920327788
PINN,1000.0,1,62.800000000000004,62.81160687947807,2.9715757717126183
PINN,1000.0,1,63.2,63.21189302493673,3.0211269058847146
PINN,1000.0,1,63.6,63.61214855048082,3.0711451710402353
PINN,1000.0,1,64.0,64.01237150148901,3.121630703185414
PINN,1000.0,1,64.4,64.41255988788942,3.1725835979005352
PINN,1000.0,1,64.8,64.81271168445144,3.224003910410213
PINN,1000.0,1,65.2,65.21282483109093,3.275891655664827
PINN,1000.0,1,65.60000000000001,65.612897233188,3.328246808432965
PINN,1000.0,1,66.0,66.01292676191756,3.38106930340511
PINN,1000.0,1,66.4,66.4129112545925,3.434359035308061
PINN,1000.0,1,66.8,66.81284851501904,3.488115859030395
PINN,1000.0,1,67.2,67.21273631386418,3.542339589758719
PINN,1000.0,1,67.60000000000001,67.61257238903522,3.5970300031245284
PINN,1000.0,1,68.0,68.01235444607106,3.6521868353618165
PINN,1000.0,1,68.4,68.4120801585448,3.7078097834750774
PINN,1000.0,1,68.8,68.81174716847775,3.763898505417813
PINN,1000.0,1,69.2,69.21135308676476,3.8204526202812557
PINN,1000.0,1,69.60000000000001,69.61089549360999,3.877471708493305
PINN,1000.0,1,70.0,70.01037193897369,3.934955312027484
PINN,1000.0,1,70.4,70.40977994302911,3.992902934621844
PINN,1000.0,1,70.8,70.80911699662992,4.051314042007624
PINN,1000.0,1,71.2,71.20838056178721,4.110188062147588
PINN,1000.0,1,71.60000000000001,71.60756807215618,4.169524385483844
PINN,1000.0,1,72.0,72.00667693353259,4.229322365194978
PINN,1000.0,1,72.4,72.40570452435799,4.289581317462488
PINN,1000.0,1,72.8,72.80464819623418,4.350300521746161
PINN,1000.0,1,73.2,73.20350527444596,4.41147922106837
PINN,1000.0,1,73.60000000000001,73.60227305849253,4.473116622307099
PINN,1000.0,1,74.0,74.000948822627,4.535211896497492
PINN,1000.0,1,74.4,74.39952981640361,4.597764179141766
PINN,1000.0,1,74.8,74.79801326523238,4.660772570527353
PINN,1000.0,1,75.2,75.19639637094163,4.724236136053024
PINN,1000.0,1,75.60000000000001,75.59467631234659,4.788153906562858
PINN,1000.0,1,76.0,75.99285024582564,4.852524878687826
PINN,1000.0,1,76.4,76.39091530590245,4.917348015194895
PINN,1000.0,1,76.80000000000001,76.78886860583434,4.982622245343275
PINN,1000.0,1,77.2,77.18670723820662,5.048346465247869
PINN,1000.0,1,77.60000000000001,77.5844282755326,5.114519538249444
PINN,1000.0,1,78.0,77.98202877085859,5.181140295291636
PINN,1000.0,1,78.4,78.37950575837422,5.2482075353042035
PINN,1000.0,1,78.80000000000001,78.77685625402717,5.315720025592733
PINN,1000.0,1,79.2,79.17407725614268,5.383676502234289
PINN,1000.0,1,79.60000000000001,79.57116574604686,5.452075670478916
PINN,1000.0,1,80.0,79.96811868869403,5.520916205156787
データのみ NN,,1,0.0,0.0,-0.0
データのみ NN,,1,0.4,0.3973977980243192,-0.003556376370804107
データのみ NN,,1,0.8,0.7949523524300055,-0.006887590835311197
データのみ NN,,1,1.2000000000000002,1.1926603497777863,-0.009992679605443918
データのみ NN,,1,1.6,1.5905184820371665,-0.012870679764583259
データのみ NN,,1,2.0,1.9885234464285404,-0.015520629422555776
データのみ NN,,1,2.4000000000000004,2.3866719452607903,-0.017941567873423766
データのみ NN,,1,2.8000000000000003,2.7849606857645077,-0.020132535756031866
データのみ NN,,1,3.2,3.183386379921029,-0.022092575217263644
データのみ NN,,1,3.6,3.5819457442873723,-0.02382073007796331
データのみ NN,,1,4.0,3.980635499817318,-0.02531604600147017
データのみ NN,,1,4.4,4.379452371678702,-0.026577570664707624
データのみ NN,,1,4.800000000000001,4.778393089067152,-0.027604353931787833
データのみ NN,,1,5.2,5.177454385016395,-0.028395448030050376
データのみ NN,,1,5.6000000000000005,5.576632996205296,-0.028949907728502824
データのみ NN,,1,6.0,5.9759256627617985,-0.029266790518577612
データのみ NN,,1,6.4,6.375329128063956,-0.02934515679716112
データのみ NN,,1,6.800000000000001,6.774840138538161,-0.02918407005181458
データのみ NN,,1,7.2,7.174455443454817,-0.028782597048127193
データのみ NN,,1,7.6000000000000005,7.5741717947215506,-0.028139808019128902
データのみ NN,,1,8.0,7.973985946674187,-0.02725477685669203
データのみ NN,,1,8.4,8.373894655865632,-0.026126581304843913
データのみ NN,,1,8.8,8.773894680852859,-0.02475430315492269
データのみ NN,,1,9.200000000000001,9.173982781982117,-0.02313702844248196
データのみ NN,,1,9.600000000000001,9.574155721172607,-0.02127384764588576
データのみ NN,,1,10.0,9.97441026169877,-0.019163855886494274
データのみ NN,,1,10.4,10.374743167971348,-0.016806153130363988
データのみ NN,,1,10.8,10.7751512053174,-0.014199844391374667
データのみ NN,,1,11.200000000000001,11.175631139759474,-0.011344039935696982
データのみ NN,,1,11.600000000000001,11.576179737794092,-0.008237855487506544
データのみ NN,,1,12.0,11.976793766169735,-0.004880412435856879
データのみ NN,,1,12.4,12.377469991664483,-0.001270838042625505
データのみ NN,,1,12.8,12.778205180863516,0.0025917343485811987
データのみ NN,,1,13.200000000000001,13.178996099936652,0.006708165102641664
データのみ NN,,1,13.600000000000001,13.579839514416097,0.011079308082354905
データのみ NN,,1,14.0,13.980732188974546,0.015706010437200976
データのみ NN,,1,14.4,14.38167088720391,0.020589112391526672
データのみ NN,,1,14.8,14.782652371394725,0.02572944703225284
データのみ NN,,1,15.200000000000001,15.183673402316511,0.031127840096213492
データのみ NN,,1,15.600000000000001,15.584730738999257,0.03678510975721657
データのみ NN,,1,16.0,15.985821138516116,0.042702066412971036
データのみ NN,,1,16.400000000000002,16.38694135576762,0.04887951247192139
データのみ NN,,1,16.8,16.788088143267483,0.05531824214016956
データのみ NN,,1,17.2,17.1892582509302,0.06201904120854324
データのみ NN,,1,17.6,17.59044842586068,0.06898268683992793
データのみ NN,,1,18.0,17.99165541214593,0.07620994735701432
データのみ NN,,1,18.400000000000002,18.392875950649184,0.08370158203049162
データのみ NN,,1,18.8,18.794106778806434,0.09145834086789005
データのみ NN,,1,19.200000000000003,19.19534463042563,0.09948096440311521
データのみ NN,,1,19.6,19.596586235488772,0.10777018348682792
データのみ NN,,1,20.0,19.99782831995693,0.11632671907775005
データのみ NN,,1,20.400000000000002,20.399067605578495,0.12515128203505674
データのみ NN,,1,20.8,20.800300809700673,0.1342445729119087
データのみ NN,,1,21.200000000000003,21.201524645084554,0.1436072817502882
データのみ NN,,1,21.6,21.602735819723762,0.15324008787723348
データのみ NN,,1,22.0,22.003931036666952,0.16314365970257905
データのみ NN,,1,22.400000000000002,22.4051069938443,0.17331865451832712
データのみ NN,,1,22.8,22.806260383897982,0.18376571829975813
データのみ NN,,1,23.200000000000003,23.20738789401706,0.19448548550839273
データのみ NN,,1,23.6,23.608486205776764,0.20547857889692445
データのみ NN,,1,24.0,24.0095519949822,0.21674560931621922
データのみ NN,,1,24.400000000000002,24.410581931517022,0.2282871755245212
データのみ NN,,1,24.8,24.811572679196658,0.24010386399892925
データのみ NN,,1,25.200000000000003,25.212520895626778,0.25219624874932034
データのみ NN,,1,25.6,25.613423232066715,0.2645648911347653
データのみ NN,,1,26.0,26.01427633329825,0.27721033968256953
データのみ NN,,1,26.400000000000002,26.415076837499704,0.2901331299100576
データのみ NN,,1,26.8,26.815821376125623,0.3033337841492003
データのみ NN,,1,27.200000000000003,27.21650657379206,0.3168128113741582
データのみ NN,,1,27.6,27.61712904816759,0.3305707070319028
データのみ NN,,1,28.0,28.017685409870218,0.34460795287595913
データのみ NN,,1,28.400000000000002,28.418172262370348,0.35892501680340494
データのみ NN,,1,28.8,28.81858620189972,0.37352235269521905
データのみ NN,,1,29.200000000000003,29.2189238173667,0.38840040026003264
データのみ NN,,1,29.6,29.619181690277692,0.4035595848814789
データのみ NN,,1,30.0,30.01935639466516,0.41900031746911626
データのみ NN,,1,30.400000000000002,30.41944449702203,0.4347229943130621
データのみ NN,,1,30.8,30.81944255624269,0.45072799694248156
データのみ NN,,1,31.200000000000003,31.21934712357072,0.46701569198792725
データのみ NN,,1,31.6,31.61915474255332,0.48358643104763793
データのみ NN,,1,32.0,32.01886194900265,0.5004405505579423
データのみ NN,,1,32.4,32.418465270964035,0.5175783716677316
データのみ NN,,1,32.800000000000004,32.81796122869117,0.535000200117201
データのみ NN,,1,33.2,33.2173463346284,0.5527063261208209
データのみ NN,,1,33.6,33.61661709340006,0.5706970242547057
データのみ NN,,1,34.0,34.01577000180708,0.5889725533483527
データのみ NN,,1,34.4,34.41480154883067,0.6075331563809027
データのみ NN,,1,34.800000000000004,34.813708215643445,0.6263790603819331
データのみ NN,,1,35.2,35.21248647562773,0.6455104763368698
データのみ NN,,1,35.6,35.611132794401286,0.6649275990970182
データのみ NN,,1,36.0,36.00964362985044,0.6846306072943746
データのみ NN,,1,36.4,36.408015432170544,0.7046196632611215
データのみ NN,,1,36.800000000000004,36.806244643914056,0.7248949129540145
データのみ NN,,1,37.2,37.20432770004582,0.7454564858835686
データのみ NN,,1,37.6,37.60226102800614,0.7663044950481411
データのみ NN,,1,38.0,38.000041047781025,0.7874390368729772
データのみ NN,,1,38.400000000000006,38.39766417198026,0.8088601911541714
データのみ NN,,1,38.800000000000004,38.79512680592265,0.8305680210076796
データのみ NN,,1,39.2,39.19242534772907,0.8525625728232913
データのみ NN,,1,39.6,39.58955618842271,0.8748438762237014
データのみ NN,,1,40.0,39.9865157120371,0.897411944028583
データのみ NN,,1,40.400000000000006,40.38330029573128,0.9202667722238054
データのみ NN,,1,40.800000000000004,40.77990630991266,0.9434083399356773
データのみ NN,,1,41.2,41.17633011836719,0.9668366094103631
データのみ NN,,1,41.6,41.57256807839684,0.9905515259983224
データのみ NN,,1,42.0,41.968616540964646,1.0145530181439375
データのみ NN,,1,42.400000000000006,42.364471850846705,1.0388409973801918
データのみ NN,,1,42.800000000000004,42.76013034679178,1.0634153583284633
データのみ NN,,1,43.2,43.15558836168794,1.088275978703455
データのみ NN,,1,43.6,43.55084222273629,1.1134227193231172
データのみ NN,,1,44.0,43.945888251632,1.138855424123744
データのみ NN,,1,44.400000000000006,44.34072276475213,1.1645739201800287
データのみ NN,,1,44.800000000000004,44.73534207335068,1.1905780177302112
データのみ NN,,1,45.2,45.12974248376022,1.216867510206149
データのみ NN,,1,45.6,45.523920297600554,1.2434421742684596
データのみ NN,,1,46.0,45.917871811994154,1.2703017698465366
データのみ NN,,1,46.400000000000006,46.311593319788074,1.2974460401834662
データのみ NN,,1,46.800000000000004,46.70508110978251,1.324874711885832
データのみ NN,,1,47.2,47.098331466965874,1.3525874949783776
データのみ NN,,1,47.6,47.491340672756095,1.3805840829633622
データのみ NN,,1,48.0,47.88410500524848,1.4088641528847203
データのみ NN,,1,48.400000000000006,48.27662073946936,1.4374273653968872
データのみ NN,,1,48.800000000000004,48.66888414763615,1.4662733648382187
データのみ NN,,1,49.2,49.06089149942312,1.4954017793090406
データのみ NN,,1,49.6,49.45263906223316,1.5248122207541228
データのみ NN,,1,50.0,49.84412310147513,1.554504285049708
データのみ NN,,1,50.400000000000006,50.23533988084695,1.584477552094829
データのみ NN,,1,50.800000000000004,50.626285662624,1.6147315859069786
データのみ NN,,1,51.2,51.01695670795311,1.645265934722052
データのみ NN,,1,51.6,51.40734927715141,1.6760801310984186
データのみ NN,,1,52.0,51.79745963001065,1.7071736920250782
データのみ NN,,1,52.400000000000006,52.18728402610616,1.7385461190339386
データのみ NN,,1,52.800000000000004,52.57681872511085,1.770196898315878
データのみ NN,,1,53.2,52.96605998711367,1.8021255008408186
データのみ NN,,1,53.6,53.35500407294276,1.8343313824814502
データのみ NN,,1,54.0,53.74364724449288,1.8668139841407498
データのみ NN,,1,54.400000000000006,54.13198576505718,1.8995727318830125
データのみ NN,,1,54.800000000000004,54.5200158996629,1.9326070370684678
データのみ NN,,1,55.2,54.90773391541108,1.965916296491268
データのみ NN,,1,55.6,55.29513608182007,1.9994998925208127
データのみ NN,,1,56.0,55.68221867117263,2.0333571932463452
データのみ NN,,1,56.400000000000006,56.0689779588665,2.067487552624672
データのみ NN,,1,56.800000000000004,56.45541022376829,2.1018903106308775
データのみ NN,,1,57.2,56.841511748570355,2.1365647934120493
データのみ NN,,1,57.6,57.22727882015099,2.171510313443848
データのみ NN,,1,58.0,57.612707729937114,2.2067261696897673
データのみ NN,,1,58.400000000000006,57.99779477426982,2.2422116477631047
データのみ NN,,1,58.800000000000004,58.38253625477223,2.277966020091421
データのみ NN,,1,59.2,58.766928478720004,2.3139885460835017
データのみ NN,,1,59.6,59.15096775941354,2.350278472298604
データのみ NN,,1,60.0,59.534650416552665,2.3868350326179995
データのみ NN,,1,60.400000000000006,59.91797277661277,2.4236574484185596
データのみ NN,,1,60.800000000000004,60.300931173222864,2.460744928748483
データのみ NN,,1,61.2,60.68352194754496,2.498096670504858
データのみ NN,,1,61.6,61.06574144865502,2.5357118586130847
データのみ NN,,1,62.0,61.44758603392465,2.5735896662080187
データのみ NN,,1,62.400000000000006,61.82905206940429,2.611729254816717
データのみ NN,,1,62.800000000000004,62.21013593020694,2.650129774542675
データのみ NN,,1,63.2,62.59083400089253,2.6887903642514894
データのみ NN,,1,63.6,62.97114267585308,2.727710151757848
データのみ NN,,1,64.0,63.35105835969784,2.766888254013634
データのみ NN,,1,64.4,63.73057746763875,2.8063237772972363
データのみ NN,,1,64.8,64.10969642587614,2.846015817403745
データのみ NN,,1,65.2,64.48841167198388,2.885963459836142
データのみ NN,,1,65.60000000000001,64.86671965529456,2.92616577999717
データのみ NN,,1,66.0,65.24461683728393,2.9666218433820197
データのみ NN,,1,66.4,65.62209969195504,3.0073307057715186
データのみ NN,,1,66.8,65.99916470622122,3.0482914134258072
データのみ NN,,1,67.2,66.37580838028848,3.0895030032785313
データのみ NN,,1,67.60000000000001,66.75202722803655,3.1309645031311812
データのみ NN,,1,68.0,67.12781777739889,3.172674931847783
データのみ NN,,1,68.4,67.50317657074108,3.2146332995495652
データのみ NN,,1,68.8,67.87810016523792,3.2568386078097777
データのみ NN,,1,69.2,68.25258513324877,3.2992898498483942
データのみ NN,,1,69.60000000000001,68.62662806269088,3.3419860107266337
データのみ NN,,1,70.0,69.00022555741093,3.384926067541217
データのみ NN,,1,70.4,69.37337423755454,3.428108989618469
データのみ NN,,1,70.8,69.74607073993326,3.4715337387077323
データのみ NN,,1,71.2,70.11831171838949,3.515199269174519
データのみ NN,,1,71.60000000000001,70.4900938441586,3.5591045281929645
データのみ NN,,1,72.0,70.86141380622861,3.6032484559376856
データのみ NN,,1,72.4,71.23226831169701,3.647629985774824
データのみ NN,,1,72.8,71.60265408612473,3.6922480444523806
データのみ NN,,1,73.2,71.97256787388694,3.73710155228959
データのみ NN,,1,73.60000000000001,72.342006438521,3.7821894233653945
データのみ NN,,1,74.0,72.71096656307078,3.82751056570583
データのみ NN,,1,74.4,73.079445050428,3.8730638814703475
データのみ NN,,1,74.8,73.44743872366969,3.9188482671370437
データのみ NN,,1,75.2,73.81494442639253,3.9648626136864857
データのみ NN,,1,75.60000000000001,74.1819590230429,4.011105806784472
データのみ NN,,1,76.0,74.54847939924366,4.0575767269632514
データのみ NN,,1,76.4,74.91450246211676,4.104274249801469
データのみ NN,,1,76.80000000000001,75.28002514060185,4.1511972461025595
データのみ NN,,1,77.2,75.645044385771,4.198344582071687
データのみ NN,,1,77.60000000000001,76.00955717113887,4.245715119491044
データのみ NN,,1,78.0,76.37356049296903,4.293307715893608
データのみ NN,,1,78.4,76.73705137057564,4.341121224735195
データのみ NN,,1,78.80000000000001,77.1000268466207,4.389154495564731
データのみ NN,,1,79.2,77.46248398740691,4.437406374192904
データのみ NN,,1,79.60000000000001,77.82441988316599,4.485875702858882
データのみ NN,,1,80.0,78.18583164834196,4.534561320395205
非線形最小二乗,,1,0.0,0.0,0.0
非線形最小二乗,,1,0.4,0.39999999999626074,9.092911536731774e-07
非線形最小二乗,,1,0.8,0.7999999999417629,7.274329230127892e-06
非線形最小二乗,,1,1.2000000000000002,1.199999999545662,2.4550861144373102e-05
非線形最小二乗,,1,1.6,1.5999999980782835,5.819463378227262e-05
非線形最小二乗,,1,2.0,1.9999999941902622,0.00011366139399311993
非線形最小二乗,,1,2.4000000000000004,2.3999999855438148,0.00019640688838315942
非線形最小二乗,,1,2.8000000000000003,2.799999968726788,0.00031188686324792257
非線形最小二乗,,1,3.2,3.199999939011688,0.00046555706433696643
非線形最小二乗,,1,3.6,3.5999998901507455,0.0006628732366782731
非線形最小二乗,,1,4.0,3.99999981398876,0.0009092911236519275
非線形最小二乗,,1,4.4,4.399999700393064,0.0012102664668385394
非線形最小二乗,,1,4.800000000000001,4.799999537053989,0.0015712550053054795
非線形最小二乗,,1,5.2,5.199999309248242,0.0019977124751995885
非線形最小二乗,,1,5.6000000000000005,5.599998999497325,0.0024950946077579757
非線形最小二乗,,1,6.0,5.999998587337865,0.0030688571280891534
非線形最小二乗,,1,6.4,6.399998049300252,0.0037244557549926042
非線形最小二乗,,1,6.800000000000001,6.799997358549595,0.004467346198481834
非線形最小二乗,,1,7.2,7.199996484769555,0.005302984159386414
非線形最小二乗,,1,7.6000000000000005,7.599995393693538,0.006236825324247112
非線形最小二乗,,1,8.0,7.99999404699178,0.0072743253642082485
非線形最小二乗,,1,8.4,8.39999240224159,0.008420939934586084
非線形最小二乗,,1,8.8,8.799990412510144,0.009682124669702353
非線形最小二乗,,1,9.200000000000001,9.199988026290935,0.011063335182756946
非線形最小二乗,,1,9.600000000000001,9.599985186995664,0.012570027056674505
非線形最小二乗,,1,10.0,9.999981832835747,0.014207655842167582
非線形最小二乗,,1,10.4,10.399977896817331,0.01598167705762056
非線形最小二乗,,1,10.8,10.799973306346224,0.01789754618084329
非線形最小二乗,,1,11.200000000000001,11.199967983123265,0.01996071864864243
非線形最小二乗,,1,11.600000000000001,11.599961842710725,0.022176649844519735
非線形最小二乗,,1,12.0,11.999954794284612,0.02455079509238635
非線形最小二乗,,1,12.4,12.399946740634674,0.02708860965656288
非線形最小二乗,,1,12.8,12.799937577994879,0.029795548736351093
非線形最小二乗,,1,13.200000000000001,13.199927195597699,0.032677067454049157
非線形最小二乗,,1,13.600000000000001,13.59991547563373,0.035738620852422846
非線形最小二乗,,1,14.0,13.999902292707775,0.038985663874323256
非線形最小二乗,,1,14.4,14.399887513814647,0.04242365136184044
非線形最小二乗,,1,14.8,14.799870998329851,0.046058038055870665
非線形最小二乗,,1,15.200000000000001,15.199852597531995,0.049894278575549435
非線形最小二乗,,1,15.600000000000001,15.599832154560339,0.05393782741926889
非線形最小二乗,,1,16.0,15.999809503952237,0.05819413893929592
非線形最小二乗,,1,16.400000000000002,16.399784471388433,0.06266866732912368
非線形最小二乗,,1,16.8,16.799756873693042,0.06736686662347144
非線形最小二乗,,1,17.2,17.199726518730877,0.07229419069213
非線形最小二乗,,1,17.6,17.599693204858834,0.07745609320996517
非線形最小二乗,,1,18.0,17.99965672099131,0.08285802766082714
非線形最小二乗,,1,18.400000000000002,18.399616846004044,0.08850544729700445
非線形最小二乗,,1,18.8,18.799573348664694,0.09440380513478316
非線形最小二乗,,1,19.200000000000003,19.19952598763287,0.10055855395444734
非線形最小二乗,,1,19.6,19.59947451113584,0.10697514627583882
非線形最小二乗,,1,20.0,19.99941865666929,0.11365903433958187
非線形最小二乗,,1,20.400000000000002,20.399358150799724,0.12061567008734594
非線形最小二乗,,1,20.8,20.799292708746975,0.1278505051269489
非線形最小二乗,,1,21.200000000000003,21.199222034383403,0.13536899073228711
非線形最小二乗,,1,21.6,21.59914582017702,0.14317657783786397
非線形最小二乗,,1,22.0,21.99906374665722,0.1512787169902539
非線形最小二乗,,1,22.400000000000002,22.398975482437127,0.1596808583514558
非線形最小二乗,,1,22.8,22.798880683670593,0.16838845164072272
非線形最小二乗,,1,23.200000000000003,23.198778993947407,0.17740694612393415
非線形最小二乗,,1,23.6,23.598670044293144,0.18674179061357868
非線形最小二乗,,1,24.0,23.99855345282281,0.19639843342917604
非線形最小二乗,,1,24.400000000000002,24.39842882450937,0.20638232237471799
非線形最小二乗,,1,24.8,24.798295750890244,0.21669890469871672
非線形最小二乗,,1,25.200000000000003,25.19815380974937,0.2273536270546791
非線形最小二乗,,1,25.6,25.59800256511718,0.2383519355011058
非線形最小二乗,,1,26.0,25.997841567114484,0.2496992754800113
非線形最小二乗,,1,26.400000000000002,26.397670351510524,0.26140109175986265
非線形最小二乗,,1,26.8,26.797488439635888,0.2734628284206262
非線形最小二乗,,1,27.200000000000003,27.19729533792411,0.28588992878545116
非線形最小二乗,,1,27.6,27.597090537892754,0.29868783541795574
非線形最小二乗,,1,28.0,27.99687351606192,0.3118619901090058
非線形最小二乗,,1,28.400000000000002,28.396643733489338,0.3254178338047409
非線形最小二乗,,1,28.8,28.796400635707677,0.3393608065957481
非線形最小二乗,,1,29.200000000000003,29.196143652246842,0.353696347633398
非線形最小二乗,,1,29.6,29.595872196583134,0.36842989512126123
非線形最小二乗,,1,30.0,29.99558566608365,0.38356688630465535
非線形最小二乗,,1,30.400000000000002,30.39528344155946,0.39911275738996105
非線形最小二乗,,1,30.8,30.794964887187053,0.41507294353024965
非線形最小二乗,,1,31.200000000000003,31.194629350042355,0.43145287873117427
非線形最小二乗,,1,31.6,31.59427616003218,0.4482579958375922
非線形最小二乗,,1,32.0,31.993904629840895,0.4654937265221112
非線形最小二乗,,1,32.4,32.39351405449942,0.4831655011959316
非線形最小二乗,,1,32.800000000000004,32.793103711291025,0.5012787489889424
非線形最小二乗,,1,33.2,33.19267285929898,0.5198388976459167
非線形最小二乗,,1,33.6,33.592220739341435,0.5388513735120215
非線形最小二乗,,1,34.0,33.991746573903114,0.5583216015162505
非線形最小二乗,,1,34.4,34.39124956671515,0.5782550050731871
非線形最小二乗,,1,34.800000000000004,34.7907289026454,0.5986570060556363
非線形最小二乗,,1,35.2,35.1901837472639,0.6195330246825704
非線形最小二乗,,1,35.6,35.589613246796794,0.6408884795075438
非線形最小二乗,,1,36.0,35.98901652802297,0.6627287873906746
非線形最小二乗,,1,36.4,36.388392697874124,0.6850593633940598
非線形最小二乗,,1,36.800000000000004,36.78774084329457,0.707885620740896
非線形最小二乗,,1,37.2,37.18706003084355,0.731212970701177
非線形最小二乗,,1,37.6,37.586349306672744,0.7550468225854101
非線形最小二乗,,1,38.0,37.98560769635955,0.7793925836943213
非線形最小二乗,,1,38.400000000000006,38.3848342045611,0.8042556592187161
非線形最小二乗,,1,38.800000000000004,38.78402781480786,0.8296414521714146
非線形最小二乗,,1,39.2,39.1831874891774,0.8555553632834936
非線形最小二乗,,1,39.6,39.58231216828909,0.8820027910026057
非線形最小二乗,,1,40.0,39.98140077103481,0.9089891314032367
非線形最小二乗,,1,40.400000000000006,40.38045219435096,0.9365197781147017
非線形最小二乗,,1,40.800000000000004,40.77946531288771,0.9646001222016697
非線形最小二乗,,1,41.2,41.17843897880053,0.9932355520910437
非線形最小二乗,,1,41.6,41.577372021731506,1.0224314535649817
非線形最小二乗,,1,42.0,41.976263248457364,1.0521932096323334
非線形最小二乗,,1,42.400000000000006,42.37511144274263,1.0825262004766243
非線形最小二乗,,1,42.800000000000004,42.773915364934325,1.1134358032962142
非線形最小二乗,,1,43.2,43.17267375185909,1.1449273922646577
非線形最小二乗,,1,43.6,43.57138531675643,1.1770063385034029
非線形最小二乗,,1,44.0,43.97004874889883,1.2096780099306268
非線形最小二乗,,1,44.400000000000006,44.36866271344956,1.2429477712014336
非線形最小二乗,,1,44.800000000000004,44.76722585107217,1.2768209835400337
非線形最小二乗,,1,45.2,45.165736777895205,1.3113030047248913
非線形最小二乗,,1,45.6,45.56419408535329,1.3463991890178473
非線形最小二乗,,1,46.0,45.96259633986115,1.3821148870235667
非線形最小二乗,,1,46.400000000000006,46.36094208259575,1.4184554455851173
非線形最小二乗,,1,46.800000000000004,46.759229829198574,1.4554262076450057
非線形最小二乗,,1,47.2,47.15745806976727,1.4930325122411403
非線形最小二乗,,1,47.6,47.555625268563766,1.531279694365412
非線形最小二乗,,1,48.0,47.95372986382929,1.570173084877769
非線形最小二乗,,1,48.400000000000006,48.351770267422765,1.6097180103186006
非線形最小二乗,,1,48.800000000000004,48.749744864671044,1.6499197928327833
非線形最小二乗,,1,49.2,49.14765201432668,1.6907837501470275
非線形最小二乗,,1,49.6,49.54549004820823,1.732315195381708
非線形最小二乗,,1,50.0,49.94325727106174,1.7745194369769048
非線形最小二乗,,1,50.400000000000006,50.34095196017208,1.8174017784744314
非線形最小二乗,,1,50.800000000000004,50.7385723653097,1.860967518488593
非線形最小二乗,,1,51.2,51.13611670860587,1.9052219506338324
非線形最小二乗,,1,51.6,51.533583184216084,1.9501703633352594
非線形最小二乗,,1,52.0,51.93096995813221,1.9958180397128893
非線形最小二乗,,1,52.400000000000006,52.32827516786837,2.042170257391637
非線形最小二乗,,1,52.800000000000004,52.72549692245102,2.0892322884953063
非線形最小二乗,,1,53.2,53.12263330215898,2.137009399483781
非線形最小二乗,,1,53.6,53.51968235832389,2.185506851033017
非線形最小二乗,,1,54.0,53.916642112999256,2.234729897814085
非線形最小二乗,,1,54.400000000000006,54.31351055879362,2.2846837883841635
非線形最小二乗,,1,54.800000000000004,54.71028565883775,2.3353737651639563
非線形最小二乗,,1,55.2,55.106965346443815,2.386805064208229
非線形最小二乗,,1,55.6,55.50354752497062,2.4389829151145355
非線形最小二乗,,1,56.0,55.90003006744655,2.4919125407521596
非線形最小二乗,,1,56.400000000000006,56.29641081650809,2.5455991572187604
非線形最小二乗,,1,56.800000000000004,56.69268758429494,2.600047973762565
非線形最小二乗,,1,57.2,57.088858152116906,2.655264192541844
非線形最小二乗,,1,57.6,57.48492027028715,2.71125300849433
非線形最小二乗,,1,58.0,57.880871657804754,2.7680196090917657
非線形最小二乗,,1,58.400000000000006,58.27671000234285,2.825569174330832
非線形最小二乗,,1,58.800000000000004,58.672432960020764,2.8839068765508866
非線形最小二乗,,1,59.2,59.06803815519131,2.943037880270366
非線形最小二乗,,1,59.6,59.46352318014719,3.0029673419366656
非線形最小二乗,,1,60.0,59.858885594936645,3.063700409772543
非線形最小二乗,,1,60.400000000000006,60.254122927341456,3.125242223756827
非線形最小二乗,,1,60.800000000000004,60.64923267256094,3.187597915352856
非線形最小二乗,,1,61.2,61.044212293082005,3.250772607398145
非線形最小二乗,,1,61.6,61.43905921831934,3.3147714137747233
非線形最小二乗,,1,62.0,61.83377084453992,3.379599439341277
非線形最小二乗,,1,62.400000000000006,62.22834453478694,3.4452617798611835
非線形最小二乗,,1,62.800000000000004,62.622777618551815,3.511763521700172
非線形最小二乗,,1,63.2,63.0170673916377,3.5791097416918944
非線形最小二乗,,1,63.6,63.41121111583415,3.64730550681699
非線形最小二乗,,1,64.0,63.805206018897,3.71635587418364
非線形最小二乗,,1,64.4,64.19904929438046,3.786265890856154
非線形最小二乗,,1,64.8,64.59273810138401,3.857040593605401
非線形最小二乗,,1,65.2,64.98626956433411,3.9286850086706435
非線形最小二乗,,1,65.60000000000001,65.37964077275691,4.001204151518013
非線形最小二乗,,1,66.0,65.7728487812704,4.074603026831582
非線形最小二乗,,1,66.4,66.1658906093171,4.148886628219231
非線形最小二乗,,1,66.8,66.55876324102367,4.224059938064055
非線形最小二乗,,1,67.2,66.95146362488151,4.300127927149086
非線形最小二乗,,1,67.60000000000001,67.3439886736348,4.377095554528586
非線形最小二乗,,1,68.0,67.7363352642437,4.454967767483318
非線形最小二乗,,1,68.4,68.12850023757753,4.533749501156662
非線形最小二乗,,1,68.8,68.52048039830754,4.613445678425273
非線形最小二乗,,1,69.2,68.91227251457919,4.694061209482473
非線形最小二乗,,1,69.60000000000001,69.303873317967,4.775600991782251
非線形最小二乗,,1,70.0,69.69527950338677,4.8580699099236435
非線形最小二乗,,1,70.4,70.08648772880477,4.941472835279027
非線形最小二乗,,1,70.8,70.47749461510924,5.025814625814921
非線形最小二乗,,1,71.2,70.86829674583026,5.111100125706235
非線形最小二乗,,1,71.60000000000001,71.25889066712817,5.197334165320814
非線形最小二乗,,1,72.0,71.64927288763324,5.284521560989977
非線形最小二乗,,1,72.4,72.03943987822929,5.372667114711089
非線形最小二乗,,1,72.8,72.4293880718563,5.461775613843378
非線形最小二乗,,1,73.2,72.81911386331326,5.551851830812826
非線形最小二乗,,1,73.60000000000001,73.20861360925326,5.642900523104453
非線形最小二乗,,1,74.0,73.59788362795335,5.734926432903728
非線形最小二乗,,1,74.4,73.98692019918849,5.827934286910048
非線形最小二乗,,1,74.8,74.3757195639611,5.921928795883094
非線形最小二乗,,1,75.2,74.76427792439057,6.016914654462077
非線形最小二乗,,1,75.60000000000001,75.15259144369281,6.112896541129969
非線形最小二乗,,1,76.0,75.54065624591964,6.20987911777061
非線形最小二乗,,1,76.4,75.9284684158715,6.307867029522983
非線形最小二乗,,1,76.80000000000001,76.31602399881348,6.406864904258668
非線形最小二乗,,1,77.2,76.70331900041835,6.50687735247993
非線形最小二乗,,1,77.60000000000001,77.09034938672212,6.607908967233978
非線形最小二乗,,1,78.0,77.47711108386375,6.7099643236288875
非線形最小二乗,,1,78.4,77.86359997800525,6.813047978675781
非線形最小二乗,,1,78.80000000000001,78.24981191506826,6.917164470754653
非線形最小二乗,,1,79.2,78.63574270070856,7.022318319563937
非線形最小二乗,,1,79.60000000000001,79.02138810025988,7.128514026003619
非線形最小二乗,,1,80.0,79.40674383843584,7.235756071551007
PINN,10.0,2,0.0,0.0,-0.0
PINN,10.0,2,0.4,0.39860061829690097,-0.0010186324799488443
PINN,10.0,2,0.8,0.7972962480389701,-0.001968992601372442
PINN,10.0,2,1.2000000000000002,1.1960825853155503,-0.0028489755937736215
PINN,10.0,2,1.6,1.5949554399589654,-0.0036563624726191376
PINN,10.0,2,2.0,1.9939107353063659,-0.004388820118426482
PINN,10.0,2,2.4000000000000004,2.392944507861554,-0.005043901423264064
PINN,10.0,2,2.8000000000000003,2.7920529068574718,-0.0056190455042532455
PINN,10.0,2,3.2,3.19123219372016,-0.006111577983583444
PINN,10.0,2,3.6,3.5904787414351755,-0.006518711334449734
PINN,10.0,2,4.0,3.98978903381754,-0.006837545292263839
PINN,10.0,2,4.4,4.389159664686488,-0.007065067330385403
PINN,10.0,2,4.800000000000001,4.788587336946389,-0.007198153199562056
PINN,10.0,2,5.2,5.188068861575351,-0.007233567530169137
PINN,10.0,2,5.6000000000000005,5.587601156523149,-0.007167964496289866
PINN,10.0,2,6.0,5.987181245520244,-0.006997888540583502
PINN,10.0,2,6.4,6.386806256799783,-0.006719775158831598
PINN,10.0,2,6.800000000000001,6.786473421734605,-0.006329951742986471
PINN,10.0,2,7.2,7.186180073391325,-0.0058246384814790095
PINN,10.0,2,7.6000000000000005,7.585923645003784,-0.0051999493154793255
PINN,10.0,2,8.0,7.985701668368162,-0.004451892949759423
PINN,10.0,2,8.4,8.385511772162195,-0.003576373916739765
PINN,10.0,2,8.8,8.785351680191008,-0.002569193692252951
PINN,10.0,2,9.200000000000001,9.185219209562215,-0.0014260518615218643
PINN,10.0,2,9.600000000000001,9.585112268792933,-0.0001425473338007133
PINN,10.0,2,10.0,9.985028855851514,0.001285820395941547
PINN,10.0,2,10.4,10.384967056136825,0.00286364993987973
PINN,10.0,2,10.8,10.784925040398006,0.004595636666453715
PINN,10.0,2,11.200000000000001,11.184901062597636,0.006486571307386885
PINN,10.0,2,11.600000000000001,11.58489345772134,0.008541338524372718
PINN,10.0,2,12.0,11.984900639536946,0.010764915437144154
PINN,10.0,2,12.4,12.384921098306238,0.013162370114676743
PINN,10.0,2,12.8,12.784953398452467,0.015738860031332493
PINN,10.0,2,13.200000000000001,13.184996176186834,0.018499630489699014
PINN,10.0,2,13.600000000000001,13.585048137097026,0.021450013011935772
PINN,10.0,2,14.0,13.985108053701198,0.0245954237014213
PINN,10.0,2,14.4,14.38517476297041,0.02794136157649399
PINN,10.0,2,14.8,14.785247163822884,0.03149340687809932
PINN,10.0,2,15.200000000000001,15.18532421459328,0.03525721935310369
PINN,10.0,2,15.600000000000001,15.585404930480127,0.039238536515106316
PINN,10.0,2,16.0,15.985488380974733,0.043443171884452014
PINN,10.0,2,16.400000000000002,16.385573687274658,0.0478770132092628
PINN,10.0,2,16.8,16.785660019684915,0.05254602066918416
PINN,10.0,2,17.2,17.185746595010137,0.057456225063577504
PINN,10.0,2,17.6,17.585832673940615,0.06261372598583048
PINN,10.0,2,18.0,17.985917558435464,0.06802468998549396
PINN,10.0,2,18.400000000000002,18.38600058910578,0.07369534871981112
PINN,10.0,2,18.8,18.786081142600818,0.07963199709631838
PINN,10.0,2,19.200000000000003,19.186158629000115,0.08584099140802759
PINN,10.0,2,19.6,19.586232489214346,0.09232874746277497
PINN,10.0,2,20.0,19.986302192397783,0.09910173870817979
PINN,10.0,2,20.400000000000002,20.386367233375047,0.10616649435372047
PINN,10.0,2,20.8,20.786427130084803,0.1135295974913274
PINN,10.0,2,21.200000000000003,21.18648142104304,0.12119768321584479
PINN,10.0,2,21.6,21.586529662828383,0.12917743674672308
PINN,10.0,2,22.0,21.986571427591926,0.13747559155221217
PINN,10.0,2,22.400000000000002,22.386606300593993,0.14609892747729947
PINN,10.0,2,22.8,22.786633877769926,0.15505426887655482
PINN,10.0,2,23.200000000000003,23.186653763327378,0.16434848275308112
PINN,10.0,2,23.6,23.586665567376915,0.17398847690458846
PINN,10.0,2,24.0,23.986668903598236,0.18398119807771965
PINN,10.0,2,24.400000000000002,24.386663386943734,0.19433363013152322
PINN,10.0,2,24.8,24.7866486313813,0.20505279221110503
PINN,10.0,2,25.200000000000003,25.18662424767831,0.21614573693230124
PINN,10.0,2,25.6,25.586589841228058,0.22761954857819228
PINN,10.0,2,26.0,25.986545009920704,0.23948134130831988
PINN,10.0,2,26.400000000000002,26.386489342059743,0.25173825738124733
PINN,10.0,2,26.8,26.786422414325823,0.2643974653912603
PINN,10.0,2,27.200000000000003,27.18634378978883,0.277466158519726
PINN,10.0,2,27.6,27.586253015969714,0.2909515528018009
PINN,10.0,2,28.0,27.986149622952997,0.3048608854089617
PINN,10.0,2,28.400000000000002,28.386033121551122,0.31920141294786675
PINN,10.0,2,28.8,28.78590300152152,0.33398040977600385
PINN,10.0,2,29.200000000000003,29.185758729837183,0.3492051663344963
PINN,10.0,2,29.6,29.58559974901158,0.36488298749841747
PINN,10.0,2,30.0,29.985425475478618,0.3810211909449423
PINN,10.0,2,30.400000000000002,30.38523529802808,0.3976271055395494
PINN,10.0,2,30.8,30.785028576297222,0.41470806974055463
PINN,10.0,2,31.200000000000003,31.184804639318852,0.4322714300220653
PINN,10.0,2,31.6,31.58456278412624,0.4503245393155803
PINN,10.0,2,32.0,31.98430227441508,0.46887475547025304
PINN,10.0,2,32.4,32.38402233926286,0.4879294397319317
PINN,10.0,2,32.800000000000004,32.783722171905495,0.5074959552409485
PINN,10.0,2,33.2,33.18340092857149,0.5275816655486986
PINN,10.0,2,33.6,33.58305772737343,0.5481939331528936
PINN,10.0,2,34.0,33.9826916472568,0.5693401180514824
PINN,10.0,2,34.4,34.38230172700598,0.5910275763150623
PINN,10.0,2,34.800000000000004,34.78188696430708,0.6132636586776729
PINN,10.0,2,35.2,35.18144631486729,0.6360557091458231
PINN,10.0,2,35.6,35.58097869159077,0.6594110636255269
PINN,10.0,2,36.0,35.98048296381005,0.683337048567107
PINN,10.0,2,36.4,36.37995795657305,0.7078409796276254
PINN,10.0,2,36.800000000000004,36.77940244998487,0.7329301603505489
PINN,10.0,2,37.2,37.178815178603784,0.7586118808624599
PINN,10.0,2,37.6,37.57819483089126,0.7848934165864891
PINN,10.0,2,38.0,37.977540048714594,0.8117820269721407
PINN,10.0,2,38.400000000000006,38.376849426902226,0.8392849542411852
PINN,10.0,2,38.800000000000004,38.77612151285037,0.8674094221492689
PINN,10.0,2,39.2,39.17535480618076,0.8961626347629223
PINN,10.0,2,39.6,39.57454775844822,0.9255517752515384
PINN,10.0,2,40.0,39.97369877289745,0.9555840046939774
PINN,10.0,2,40.400000000000006,40.37280620426819,0.9862664608994433
PINN,10.0,2,40.800000000000004,40.77186835864755,1.0176062572421476
PINN,10.0,2,41.2,41.17088349336925,1.04961048150949
PINN,10.0,2,41.6,41.569849816957955,1.0822861947632683
PINN,10.0,2,42.0,41.968765489118354,1.115640430213519
PINN,10.0,2,42.400000000000006,42.36762862076783,1.1496801921046513
PINN,10.0,2,42.800000000000004,42.766437274111624,1.1844124546133916
PINN,10.0,2,43.2,43.16518946275954,1.219844160758207
PINN,10.0,2,43.6,43.56388315188312,1.2559822213197347
PINN,10.0,2,44.0,43.96251625841237,1.2928335137719291
PINN,10.0,2,44.400000000000006,44.36108665127075,1.3304048812234321
PINN,10.0,2,44.800000000000004,44.75959215164749,1.3687031313688005
PINN,10.0,2,45.2,45.158030533306246,1.4077350354492923
PINN,10.0,2,45.6,45.55639952292884,1.447507327222772
PINN,10.0,2,46.0,45.95469680049313,1.4880267019423528
PINN,10.0,2,46.400000000000006,46.35291999968386,1.5292998153435011
PINN,10.0,2,46.800000000000004,46.75106670833539,1.5713332826391992
PINN,10.0,2,47.2,47.14913446890541,1.6141336775228685
PINN,10.0,2,47.6,47.54712077897822,1.657707531178705
PINN,10.0,2,48.0,47.94502309179691,1.7020613312991804
PINN,10.0,2,48.400000000000006,48.342838816822876,1.7472015211093117
PINN,10.0,2,48.800000000000004,48.74056532032221,1.7931344983975352
PINN,10.0,2,49.2,49.13819992597734,1.8398666145528488
PINN,10.0,2,49.6,49.53573991552325,1.8874041736079996
PINN,10.0,2,50.0,49.933182529407,1.9357534312884388
PINN,10.0,2,50.400000000000006,50.33052496746974,1.9849205940669015
PINN,10.0,2,50.800000000000004,50.72776438965002,2.0349118182233488
PINN,10.0,2,51.2,51.12489791670748,2.0857332089100806
PINN,10.0,2,51.6,51.5219226309659,2.137390819221893
PINN,10.0,2,52.0,51.91883557707452,2.189890649271083
PINN,10.0,2,52.400000000000006,52.31563376278709,2.2432386452672013
PINN,10.0,2,52.800000000000004,52.71231415975693,2.297440698601381
PINN,10.0,2,53.2,53.108873704348,2.3525026449352215
PINN,10.0,2,53.6,53.50530929846029,2.408430263294037
PINN,10.0,2,54.0,53.90161781036882,2.465229275164518
PINN,10.0,2,54.400000000000006,54.297796075575775,2.522905343596645
PINN,10.0,2,54.800000000000004,54.69384089767442,2.5814640723099105
PINN,10.0,2,55.2,55.08974904922403,2.6409110048038165
PINN,10.0,2,55.6,55.485517272635235,2.701251623472576
PINN,10.0,2,56.0,55.881142281064655,2.7624913487241507
PINN,10.0,2,56.400000000000006,56.27662075931831,2.8246355381036192
PINN,10.0,2,56.800000000000004,56.67194936476277,2.887689485420852
PINN,10.0,2,57.2,57.06712472824342,2.951658419882743
PINN,10.0,2,57.6,57.462143455009134,3.016547505229887
PINN,10.0,2,58.0,57.857002125642516,3.08236183887798
PINN,10.0,2,58.400000000000006,58.251697296994976,3.149106451063919
PINN,10.0,2,58.800000000000004,58.646225503126146,3.216786303996855
PINN,10.0,2,59.2,59.040583256246755,3.2854062910143145
PINN,10.0,2,59.6,59.43476704766442,3.3549712357435233
PINN,10.0,2,60.0,59.828773348731644,3.425485891268127
PINN,10.0,2,60.400000000000006,60.22259861179546,3.49695493930061
PINN,10.0,2,60.800000000000004,60.616239271148345,3.569382989360445
PINN,10.0,2,61.2,61.00969174397903,3.6427745779583627
PINN,10.0,2,61.6,61.402952431323754,3.717134167786871
PINN,10.0,2,62.0,61.796017719016604,3.7924661469173753
PINN,10.0,2,62.400000000000006,62.18888397863866,3.868774828004051
PINN,10.0,2,62.800000000000004,62.581547568465474,3.9460644474948765
PINN,10.0,2,63.2,62.974004834412504,4.024339164849985
PINN,10.0,2,63.6,63.366252110977506,4.10360306176774
PINN,10.0,2,64.0,63.758285722180254,4.183860141418792
PINN,10.0,2,64.4,64.15010198249831,4.265114327688445
PINN,10.0,2,64.8,64.54169719779908,4.347369464427667
PINN,10.0,2,65.2,64.93306766626719,4.430629314713087
PINN,10.0,2,65.60000000000001,65.32420967932718,4.51489756011633
PINN,10.0,2,66.0,65.7151195225612,4.600177799983014
PINN,10.0,2,66.4,66.10579347662073,4.686473550721834
PINN,10.0,2,66.8,66.49622781813274,4.773788245104011
PINN,10.0,2,67.2,66.88641882059954,4.862125231573569
PINN,10.0,2,67.60000000000001,67.2763627552919,4.951487773568764
PINN,10.0,2,68.0,67.66605589213549,5.0418790488550815
PINN,10.0,2,68.4,68.05549450059007,5.13330214887017
PINN,10.0,2,68.8,68.44467485052124,5.225760078081098
PINN,10.0,2,69.2,68.8335932130645,5.3192557533543585
PINN,10.0,2,69.60000000000001,69.2222458614813,5.41379200333899
PINN,10.0,2,70.0,69.61062907200687,5.509371567863229
PINN,10.0,2,70.4,69.99873912468978,5.605997097345089
PINN,10.0,2,70.8,70.38657230422241,5.703671152217268
PINN,10.0,2,71.2,70.77412490076327,5.802396202366778
PINN,10.0,2,71.60000000000001,71.16139321074941,5.902174626589706
PINN,10.0,2,72.0,71.54837353770029,6.003008712061497
PINN,10.0,2,72.4,71.93506219301176,6.104900653823168
PINN,10.0,2,72.8,72.32145549674087,6.207852554283817
PINN,10.0,2,73.2,72.70754977838054,6.311866422739891
PINN,10.0,2,73.60000000000001,73.09334137762448,6.416944174911449
PINN,10.0,2,74.0,73.4788266451224,6.523087632496002
PINN,10.0,2,74.4,73.86400194322455,6.63029852274021
PINN,10.0,2,74.8,74.2488636467166,6.738578478029656
PINN,10.0,2,75.2,74.63340814354355,6.84792903549744
PINN,10.0,2,75.60000000000001,75.01763183552364,6.958351636651528
PINN,10.0,2,76.0,75.40153113905166,7.069847627021551
PINN,10.0,2,76.4,75.7851024857913,7.182418255825171
PINN,10.0,2,76.80000000000001,76.16834232335722,7.296064675654486
PINN,10.0,2,77.2,76.55124711598609,7.410787942182694
PINN,10.0,2,77.60000000000001,76.93381334519697,7.52658901389154
PINN,10.0,2,78.0,77.31603751044061,7.643468751819525
PINN,10.0,2,78.4,77.697916129738,7.761427919331529
PINN,10.0,2,78.80000000000001,78.07944574030788,7.8804671819099
PINN,10.0,2,79.2,78.46062289918328,8.000587106967378
PINN,10.0,2,79.60000000000001,78.84144418381709,8.12178816368215
PINN,10.0,2,80.0,79.2219061926764,8.244070722855204
PINN,100.0,2,0.0,0.0,-0.0
PINN,100.0,2,0.4,0.3964977915460321,-1.9829052461759962e-05
PINN,100.0,2,0.8,0.7931575336885476,2.4390359066536404e-05
PINN,100.0,2,1.2000000000000002,1.18997524839004,0.00013405272270552735
PINN,100.0,2,1.6,1.586947011234055,0.0003106408429037498
PINN,100.0,2,2.0,1.9840689517721377,0.0005557263859845814
PINN,100.0,2,2.4000000000000004,2.381337253834012,0.0008709703850985598
PINN,100.0,2,2.8000000000000003,2.7787481558005966,0.0012581237040228857
PINN,100.0,2,3.2,3.176297950839534,0.0017190274592930861
PINN,100.0,2,3.6,3.5739829871028745,0.0022556134001817238
PINN,100.0,2,4.0,3.9717996678866907,0.002869904246080262
PINN,100.0,2,4.4,4.369744451752348,0.0035640139808834712
PINN,100.0,2,4.800000000000001,4.7678138526092875,0.004340148104000069
PINN,100.0,2,5.2,5.166004439759126,0.0052006038376725605
PINN,100.0,2,5.6000000000000005,5.564312837900993,0.006147770290308544
PINN,100.0,2,6.0,5.962735727098041,0.007184128575581964
PINN,100.0,2,6.4,6.361269842705079,0.00831225188708975
PINN,100.0,2,6.800000000000001,6.759911975257414,0.009534805528404225
PINN,100.0,2,7.2,7.15865897032087,0.010854546898381133
PINN,100.0,2,7.6000000000000005,7.557507728303211,0.012274325431642483
PINN,100.0,2,8.0,7.956455204226983,0.013797082494187263
PINN,100.0,2,8.4,8.355498407464134,0.015425851234116668
PINN,100.0,2,8.8,8.754634401432481,0.017163756387503573
PINN,100.0,2,9.200000000000001,9.153860303254444,0.019014014039482777
PINN,100.0,2,9.600000000000001,9.55317328337829,0.020979931340669507
PINN,100.0,2,10.0,9.95257056516232,0.023064906179044768
PINN,100.0,2,10.4,10.352049424422322,0.025272426807507513
PINN,100.0,2,10.8,10.75160718894284,0.027606071427303393
PINN,100.0,2,11.200000000000001,11.151241237952688,0.03006950772759557
PINN,100.0,2,11.600000000000001,11.550949001565279,0.032666492381475364
PINN,100.0,2,12.0,11.950727960184299,0.03540087049873333
PINN,100.0,2,12.4,12.350575643875427,0.0382765750357715
PINN,100.0,2,12.8,12.750489631704623,0.0412976261630332
PINN,100.0,2,13.200000000000001,13.150467551043796,0.04446813059040923
PINN,100.0,2,13.600000000000001,13.550507076844504,0.04779228085105689
PINN,100.0,2,14.0,13.950605930880492,0.051274354544140616
PINN,100.0,2,14.4,14.35076188095982,0.05491871353702042
PINN,100.0,2,14.8,14.75097274010741,0.05872980312742026
PINN,100.0,2,15.200000000000001,15.15123636571893,0.0627121511661792
PINN,100.0,2,15.600000000000001,15.551550658686832,0.06687036714117706
PINN,100.0,2,16.0,15.951913562499506,0.07120914122306488
PINN,100.0,2,16.400000000000002,16.35232306231449,0.07573324327346169
PINN,100.0,2,16.8,16.75277718400666,0.08044752181629455
PINN,100.0,2,17.2,17.153273993192492,0.0853569029729588
PINN,100.0,2,17.6,17.55381159423132,0.09046638936206189
PINN,100.0,2,18.0,17.954388129204684,0.09578105896443681
PINN,100.0,2,18.400000000000002,18.355001776874843,0.10130606395421542
PINN,100.0,2,18.8,18.755650751623435,0.10704662949672462
PINN,100.0,2,19.200000000000003,19.15633330237156,0.11300805251398105
PINN,100.0,2,19.6,19.557047711482173,0.11919570041859906
PINN,100.0,2,20.0,19.957792293646126,0.12561500981690077
PINN,100.0,2,20.400000000000002,20.35856539475286,0.1322714851821066
PINN,100.0,2,20.8,20.75936539074689,0.13917069749835118
PINN,100.0,2,21.200000000000003,21.160190686471395,0.14631828287644966
PINN,100.0,2,21.6,21.561039714499863,0.15371994114222334
PINN,100.0,2,22.0,21.961910933957085,0.16138143439824226
PINN,100.0,2,22.400000000000002,22.36280282933068,0.1693085855598513
PINN,100.0,2,22.8,22.76371390927425,0.17750727686633982
PINN,100.0,2,23.200000000000003,23.16464270540343,0.18598344836812666
PINN,100.0,2,23.6,23.565587771085813,0.19474309639083465
PINN,100.0,2,24.0,23.966547680226267,0.203792271977088
PINN,100.0,2,24.400000000000002,24.367521026048507,0.2131370793069492
PINN,100.0,2,24.8,24.768506419874043,0.22278367409783473
PINN,100.0,2,25.200000000000003,25.16950248990002,0.23273826198476516
PINN,100.0,2,25.6,25.570507879976706,0.2430070968818386
PINN,100.0,2,26.0,25.971521248385926,0.2535964793257559
PINN,100.0,2,26.400000000000002,26.372541266621642,0.26451275480225
PINN,100.0,2,26.8,26.773566618173543,0.275762312056297
PINN,100.0,2,27.200000000000003,27.174595997315002,0.28735158138688544
PINN,100.0,2,27.6,27.575628107896293,0.29928703292724723
PINN,100.0,2,28.0,27.976661662144252,0.3115751749112985
PINN,100.0,2,28.400000000000002,28.37769537946925,0.3242225519271613
PINN,100.0,2,28.8,28.778727985280767,0.33723574315854604
PINN,100.0,2,29.200000000000003,29.179758209812174,0.3506213606147549
PINN,100.0,2,29.6,29.580784786956208,0.36438604735018726
PINN,100.0,2,30.0,29.98180645311163,0.3785364756739694
PINN,100.0,2,30.400000000000002,30.382821946042192,0.3930793453506471
PINN,100.0,2,30.8,30.78383000374891,0.4080213817925141
PINN,100.0,2,31.200000000000003,31.18482936335637,0.42336933424445494
PINN,100.0,2,31.6,31.58581876001398,0.439129973961939
PINN,100.0,2,32.0,31.986796925812992,0.45531009238294534
PINN,100.0,2,32.4,32.38776258872012,0.4719164992944276
PINN,100.0,2,32.800000000000004,32.78871447152847,0.48895602099413565
PINN,100.0,2,33.2,33.18965129082664,0.5064354984483422
PINN,100.0,2,33.6,33.590571755986446,0.5243617854462264
PINN,100.0,2,34.0,33.99147456817046,0.5427417467515294
PINN,100.0,2,34.4,34.39235841935928,0.5615822562521077
PINN,100.0,2,34.800000000000004,34.793221991399925,0.580890195108074
PINN,100.0,2,35.2,35.19406395507539,0.6006724498990286
PINN,100.0,2,35.6,35.59488296919623,0.6209359107711266
PINN,100.0,2,36.0,35.9956776797145,0.6416874695844212
PINN,100.0,2,36.4,36.39644671886082,0.6629340180612062
PINN,100.0,2,36.800000000000004,36.79718870430473,0.6846824459358009
PINN,100.0,2,37.2,37.197902238338855,0.7069396391064062
PINN,100.0,2,37.6,37.59858590708766,0.7297124777896007
PINN,100.0,2,38.0,37.99923827974047,0.7530078346779118
PINN,100.0,2,38.400000000000006,38.39985790780979,0.7768325731010662
PINN,100.0,2,38.800000000000004,38.800443324414765,0.8011935451914891
PINN,100.0,2,39.2,39.20099304359037,0.8260975900543812
PINN,100.0,2,39.6,39.60150555962229,0.851551531943072
PINN,100.0,2,40.0,40.00197934640813,0.8775621784400045
PINN,100.0,2,40.400000000000006,40.40241285684468,0.9041363186438961
PINN,100.0,2,40.800000000000004,40.80280452224166,0.9312807213635392
PINN,100.0,2,41.2,41.20315275176225,0.9590021333186973
PINN,100.0,2,41.6,41.60345593188993,0.9873072773485619
PINN,100.0,2,42.0,42.00371242592262,1.0162028506282592
PINN,100.0,2,42.400000000000006,42.403920573493046,1.0456955228938065
PINN,100.0,2,42.800000000000004,42.804078690116455,1.0757919346759919
PINN,100.0,2,43.2,43.20418506676493,1.1064986955436047
PINN,100.0,2,43.6,43.6042379694686,1.1378223823564906
PINN,100.0,2,44.0,44.004235638943655,1.1697695375288018
PINN,100.0,2,44.400000000000006,44.40417629024701,1.2023466673029233
PINN,100.0,2,44.800000000000004,44.80405811245766,1.2355602400344579
PINN,100.0,2,45.2,45.203879268384426,1.2694166844887678
PINN,100.0,2,45.6,45.60363789430017,1.3039223881493949
PINN,100.0,2,46.0,46.00333209970208,1.3390836955388208
PINN,100.0,2,46.400000000000006,46.40295996709795,1.374906906552075
PINN,100.0,2,46.800000000000004,46.80251955181838,1.411398274803402
PINN,100.0,2,47.2,47.20200888185441,1.4485640059866325
PINN,100.0,2,47.6,47.60142595772046,1.4864102562495134
PINN,100.0,2,48.0,48.00076875234248,1.5249431305824699
PINN,100.0,2,48.400000000000006,48.40003521097075,1.5641686812222249
PINN,100.0,2,48.800000000000004,48.799223251117034,1.604092906070664
PINN,100.0,2,49.2,49.198330762516214,1.6447217471293787
PINN,100.0,2,49.6,49.597355607111595,1.6860610889502814
PINN,100.0,2,50.0,49.99629561906364,1.7281167571027836
PINN,100.0,2,50.400000000000006,50.39514860478185,1.7708945166577805
PINN,100.0,2,50.800000000000004,50.79391234297961,1.8144000706890895
PINN,100.0,2,51.2,51.19258458475123,1.8586390587925883
PINN,100.0,2,51.6,51.59116305367101,1.9036170556235301
PINN,100.0,2,52.0,51.98964544591405,1.9493395694524709
PINN,100.0,2,52.400000000000006,52.38802943039794,1.9958120407401916
PINN,100.0,2,52.800000000000004,52.786312648945625,2.0430398407320913
PINN,100.0,2,53.2,53.18449271646819,2.0910282700723775
PINN,100.0,2,53.6,53.582567221167785,2.139782557438626
PINN,100.0,2,54.0,53.98053372475998,2.18930785819694
PINN,100.0,2,54.400000000000006,54.378389762715,2.239609253078362
PINN,100.0,2,54.800000000000004,54.776132844517576,2.2906917468766683
PINN,100.0,2,55.2,55.17376045394488,2.342560267168323
PINN,100.0,2,55.6,55.57127004936201,2.3952196630546667
PINN,100.0,2,56.0,55.96865906403464,2.448674703927006
PINN,100.0,2,56.400000000000006,56.36592490645832,2.5029300782549018
PINN,100.0,2,56.800000000000004,56.763064960703964,2.557990392398111
PINN,100.0,2,57.2,57.160076586779056,2.613860169442639
PINN,100.0,2,57.6,57.55695712100393,2.67054384806116
PINN,100.0,2,58.0,57.953703876403175,2.72804578139847
PINN,100.0,2,58.400000000000006,58.35031414311067,2.7863702359821163
PINN,100.0,2,58.800000000000004,58.746785188788955,2.8455213906588273
PINN,100.0,2,59.2,59.14311425906165,2.9055033355569453
PINN,100.0,2,59.6,59.53929857795866,2.966320071075455
PINN,100.0,2,60.0,59.93533534837367,3.02797550689986
PINN,100.0,2,60.400000000000006,60.33122175253364,3.0904734610452818
PINN,100.0,2,60.800000000000004,60.72695495247959,3.153817658927304
PINN,100.0,2,61.2,61.12253209055809,3.2180117324608033
PINN,100.0,2,61.6,61.51795028992357,3.283059219187167
PINN,100.0,2,62.0,61.91320665505009,3.3489635614302355
PINN,100.0,2,62.400000000000006,62.308298272253,3.4157281054814215
PINN,100.0,2,62.800000000000004,62.7032222102195,3.4833561008141993
PINN,100.0,2,63.2,63.09797552054758,3.551850699328411
PINN,100.0,2,63.6,63.492555238293434,3.6212149546246297
PINN,100.0,2,64.0,63.88695838252615,3.691451821309022
PINN,100.0,2,64.4,64.28118195688998,3.762564154328758
PINN,100.0,2,64.8,64.67522295017312,3.8345547083386395
PINN,100.0,2,65.2,65.06907833688322,3.90742613709882
PINN,100.0,2,65.60000000000001,65.46274507782822,3.981180992904165
PINN,100.0,2,66.0,65.85622012070338,4.05582172604538
PINN,100.0,2,66.4,66.24950040068309,4.1313506843022365
PINN,100.0,2,66.8,66.64258284101724,4.207770112468945
PINN,100.0,2,67.2,67.03546435363225,4.2850821519121425
PINN,100.0,2,67.60000000000001,67.42814183973567,4.363288840161442
PINN,100.0,2,68.0,67.82061219042464,4.442392110532884
PINN,100.0,2,68.4,68.21287228729722,4.52239379178543
PINN,100.0,2,68.8,68.60491900306656,4.6032956078105505
PINN,100.0,2,69.2,68.99674920217764,4.685099177355204
PINN,100.0,2,69.60000000000001,69.38835974142586,4.767806013778152
PINN,100.0,2,70.0,69.77974747057756,4.851417524839829
PINN,100.0,2,70.4,70.17090923299166,4.935935012525794
PINN,100.0,2,70.8,70.56184186624256,5.0213596729038565
PINN,100.0,2,71.2,70.95254220274357,5.107692596014907
PINN,100.0,2,71.60000000000001,71.34300707037093,5.194934765797386
PINN,100.0,2,72.0,71.73323329308764,5.283087060045632
PINN,100.0,2,72.4,72.12321769156738,5.372150250401839
PINN,100.0,2,72.8,72.51295708381771,5.462125002381742
PINN,100.0,2,73.2,72.90244828580249,5.553011875433949
PINN,100.0,2,73.60000000000001,73.29168811206321,5.644811323032805
PINN,100.0,2,74.0,73.68067337633912,5.73752369280474
PINN,100.0,2,74.4,74.06940089218543,5.831149226688071
PINN,100.0,2,74.8,74.45786747358993,5.925688061125892
PINN,100.0,2,75.2,74.84606993558742,6.021140227292175
PINN,100.0,2,75.60000000000001,75.23400509487148,6.117505651350711
PINN,100.0,2,76.0,75.6216697704041,6.214784154746847
PINN,100.0,2,76.4,76.00906078402221,6.31297545453168
PINN,100.0,2,76.80000000000001,76.39617496104105,6.412079163718568
PINN,100.0,2,77.2,76.78300913085448,6.512094791671713
PINN,100.0,2,77.60000000000001,77.16956012753181,6.613021744526461
PINN,100.0,2,78.0,77.55582479041085,6.714859325641172
PINN,100.0,2,78.4,77.94179996468716,6.817606736080137
PINN,100.0,2,78.80000000000001,78.32748250199916,6.9212630751275395
PINN,100.0,2,79.2,78.71286926100926,7.025827340831762
PINN,100.0,2,79.60000000000001,79.09795710798028,7.131298430579963
PINN,100.0,2,80.0,79.48274291734742,7.237675141702336
PINN,1000.0,2,0.0,0.0,-0.0
PINN,1000.0,2,0.4,0.39599684951660713,-0.00044940390809948186
PINN,1000.0,2,0.8,0.7921679487872131,-0.0008082763868784443
PINN,1000.0,2,1.2000000000000002,1.1885089582408657,-0.0010750155953947547
PINN,1000.0,2,1.6,1.585015608309663,-0.0012479578634351576
PINN,1000.0,2,2.0,1.9816836999169327,-0.0013253776630291064
PINN,1000.0,2,2.4000000000000004,2.3785091049209877,-0.0013054876226847078
PINN,1000.0,2,2.8000000000000003,2.775487766513873,-0.0011864385847459797
PINN,1000.0,2,3.2,3.1726156995745876,-0.0009663197062214718
PINN,1000.0,2,3.6,3.569888990976286,-0.0006431586033845635
PINN,1000.0,2,4.0,3.9673037998470404,-0.0002149215404006824
PINN,1000.0,2,4.4,4.364856357783797,0.00032048633782808434
PINN,1000.0,2,4.800000000000001,4.762542969019171,0.0009652207284429005
PINN,1000.0,2,5.2,5.1603600105408445,0.001721497848945455
PINN,1000.0,2,5.6000000000000005,5.55830393216331,0.0025915940710076503
PINN,1000.0,2,6.0,5.9563712565518445,0.0035778455097884177
PINN,1000.0,2,6.4,6.354558579198556,0.004682647568816212
PINN,1000.0,2,6.800000000000001,6.7528625683505,0.0059084544405647475
PINN,1000.0,2,7.2,7.151279964889814,0.007257778562889538
PINN,1000.0,2,7.6000000000000005,7.549807582166012,0.008733190031558738
PINN,1000.0,2,8.0,7.948442305780459,0.010337315969151677
PINN,1000.0,2,8.4,8.347181093323318,0.012072839850667287
PINN,1000.0,2,8.8,8.746020974063091,0.013942500786226088
PINN,1000.0,2,9.200000000000001,9.144959048589136,0.01594909276131104
PINN,1000.0,2,9.600000000000001,9.543992488407433,0.01809546383504156
PINN,1000.0,2,10.0,9.943118535490092,0.020384515297016167
PINN,1000.0,2,10.4,10.34233450177896,0.022819200783340616
PINN,1000.0,2,10.8,10.741637768643953,0.025402525352464147
PINN,1000.0,2,11.200000000000001,11.141025786296591,0.028137544521537834
PINN,1000.0,2,11.600000000000001,11.540496073159405,0.0310273632640376
PINN,1000.0,2,12.0,11.94004621519195,0.034075134969429134
PINN,1000.0,2,12.4,12.339673865173996,0.037284060365729385
PINN,1000.0,2,12.8,12.739376741946879,0.040657386405845194
PINN,1000.0,2,13.200000000000001,13.13915262961368,0.0441984051185873
PINN,1000.0,2,13.600000000000001,13.538999376699225,0.04791045242538022
PINN,1000.0,2,14.0,13.938914895270747,0.05179690692361193
PINN,1000.0,2,14.4,14.338897160020247,0.0558611886377204
PINN,1000.0,2,14.8,14.738944207309553,0.06010675773907439
PINN,1000.0,2,15.200000000000001,15.139054134179084,0.06453711323576862
PINN,1000.0,2,15.600000000000001,15.539225097321525,0.06915579163349407
PINN,1000.0,2,16.0,15.939455312021435,0.07396636556865767
PINN,1000.0,2,16.400000000000002,16.339743051062044,0.07897244241497256
PINN,1000.0,2,16.8,16.740086643600417,0.0841776628647479
PINN,1000.0,2,17.2,17.1404844740122,0.08958569948615233
PINN,1000.0,2,17.6,17.5409349807073,0.09520025525774853
PINN,1000.0,2,18.0,17.941436654917673,0.10102506208158901
PINN,1000.0,2,18.400000000000002,18.341988039458712,0.10706387927624009
PINN,1000.0,2,18.8,18.74258772746537,0.11332049205103091
PINN,1000.0,2,19.200000000000003,19.143234361104675,0.11979870996295158
PINN,1000.0,2,19.6,19.543926630265673,0.1265023653575378
PINN,1000.0,2,20.0,19.944663271228574,0.13343531179513227
PINN,1000.0,2,20.400000000000002,20.345443065314242,0.140601422463954
PINN,1000.0,2,20.8,20.746264837515586,0.14800458858133944
PINN,1000.0,2,21.200000000000003,21.14712745511234,0.1556487177845903
PINN,1000.0,2,21.6,21.54802982627054,0.163537732512849
PINN,1000.0,2,22.0,21.948970898628342,0.17167556838137174
PINN,1000.0,2,22.400000000000002,22.349949657869445,0.18006617254966822
PINN,1000.0,2,22.8,22.750965126285795,0.1887135020848828
PINN,1000.0,2,23.200000000000003,23.152016361330787,0.19762152232181532
PINN,1000.0,2,23.6,23.55310245416471,0.20679420522101127
PINN,1000.0,2,24.0,23.954222528193604,0.21623552772626867
PINN,1000.0,2,24.400000000000002,24.355375737603204,0.22594947012296002
PINN,1000.0,2,24.8,24.75656126588918,0.23594001439853918
PINN,1000.0,2,25.200000000000003,25.157778324385426,0.24621114260655874
PINN,1000.0,2,25.6,25.559026150791393,0.2567668352355468
PINN,1000.0,2,26.0,25.96030400770019,0.2676110695840397
PINN,1000.0,2,26.400000000000002,26.361611181128733,0.2787478181431001
PINN,1000.0,2,26.8,26.762946979051144,0.2901810469875387
PINN,1000.0,2,27.200000000000003,27.164310729937064,0.30191471417714927
PINN,1000.0,2,27.6,27.56570178129577,0.3139527681691192
PINN,1000.0,2,28.0,27.96711949822784,0.32629914624289214
PINN,1000.0,2,28.400000000000002,28.368563261985216,0.33895777293856544
PINN,1000.0,2,28.8,28.770032468541125,0.3519325585100459
PINN,1000.0,2,29.200000000000003,29.171526527171157,0.36522739739405086
PINN,1000.0,2,29.6,29.573044859046277,0.3788461666960011
PINN,1000.0,2,30.0,29.97458689583945,0.3927927246939493
PINN,1000.0,2,30.400000000000002,30.376152078346497,0.407070909361466
PINN,1000.0,2,30.8,30.77773985512257,0.4216845369105411
PINN,1000.0,2,31.200000000000003,31.179349681135232,0.4366374003554249
PINN,1000.0,2,31.6,31.580981016435004,0.4519332680983504
PINN,1000.0,2,32.0,31.982633324844585,0.4675758825379905
PINN,1000.0,2,32.4,32.384306072667385,0.4835689587015149
PINN,1000.0,2,32.800000000000004,32.78599872741666,0.49991618290108564
PINN,1000.0,2,33.2,33.18771075656563,0.5166212114155018
PINN,1000.0,2,33.6,33.58944162631984,0.5336876691978194
PINN,1000.0,2,34.0,33.99119080041225,0.5511191486095539
PINN,1000.0,2,34.4,34.392957738921965,0.5689192081822108
PINN,1000.0,2,34.800000000000004,34.79474189711715,0.5870913714066974
PINN,1000.0,2,35.2,35.19654272432295,0.605639125551298
PINN,1000.0,2,35.6,35.59835966281501,0.6245659205086183
PINN,1000.0,2,36.0,36.00019214673897,0.6438751676721811
PINN,1000.0,2,36.4,36.40203960105675,0.6635702388430083
PINN,1000.0,2,36.800000000000004,36.80390144052011,0.6836544651666965
PINN,1000.0,2,37.2,37.205777068671594,0.7041311361013707
PINN,1000.0,2,37.6,37.60766587687381,0.725003498416857
PINN,1000.0,2,38.0,38.00956724336694,0.7462747552254346
PINN,1000.0,2,38.400000000000006,38.4114805323552,0.7679480650444398
PINN,1000.0,2,38.800000000000004,38.813405093122284,0.7900265408909299
PINN,1000.0,2,39.2,39.215340259176344,0.8125132494087244
PINN,1000.0,2,39.6,39.6172853474243,0.8354112100278821
PINN,1000.0,2,40.0,40.01923965737625,0.8587233941568679
PINN,1000.0,2,40.400000000000006,40.421202470379576,0.8824527244074354
PINN,1000.0,2,40.800000000000004,40.82317304888334,0.906602073852381
PINN,1000.0,2,41.2,41.22515063573272,0.9311742653161537
PINN,1000.0,2,41.6,41.62713445349371,0.9561720706983544
PINN,1000.0,2,42.0,42.029123703808025,0.9815982103301144
PINN,1000.0,2,42.400000000000006,42.431117566778376,1.0074553523633336
PINN,1000.0,2,42.800000000000004,42.83311520038382,1.0337461121925993
PINN,1000.0,2,43.2,43.23511573992525,1.060473051909808
PINN,1000.0,2,43.6,43.63711829750096,1.0876386797912674
PINN,1000.0,2,44.0,44.039121961512095,1.115245449817135
PINN,1000.0,2,44.400000000000006,44.441125796197774,1.1432957612230141
PINN,1000.0,2,44.800000000000004,44.84312884119993,1.1717919580834906
PINN,1000.0,2,45.2,45.245130111157295,1.2007363289273651
PINN,1000.0,2,45.6,45.647128595328624,1.2301311063843023
PINN,1000.0,2,46.0,46.04912325724479,1.2599784668626515
PINN,1000.0,2,46.400000000000006,46.451113034389365,1.290280530258069
PINN,1000.0,2,46.800000000000004,46.853096837907444,1.3210393596926555
PINN,1000.0,2,47.2,47.255073552342644,1.352256961284255
PINN,1000.0,2,47.6,47.657042035401396,1.3839352839455237
PINN,1000.0,2,48.0,48.05900111774467,1.4160762192123717
PINN,1000.0,2,48.400000000000006,48.4609496028066,1.448681601101428
PINN,1000.0,2,48.800000000000004,48.86288626663929,1.48175320599601
PINN,1000.0,2,49.2,49.26480985778405,1.5152927525602642
PINN,1000.0,2,49.6,49.66671909716808,1.5493019016809104
PINN,1000.0,2,50.0,50.06861267802606,1.5837822564362536
PINN,1000.0,2,50.400000000000006,50.47048926584705,1.6187353620918208
PINN,1000.0,2,50.800000000000004,50.87234749834514,1.6541627061222794
PINN,1000.0,2,51.2,51.274185985454125,1.6900657182590375
PINN,1000.0,2,51.6,51.67600330934545,1.7264457705630472
PINN,1000.0,2,52.0,52.07779802446885,1.7633041775222393
PINN,1000.0,2,52.400000000000006,52.47956865761534,1.800642196173158
PINN,1000.0,2,52.800000000000004,52.88131370800215,1.8384610262460837
PINN,1000.0,2,53.2,53.28303164737858,1.8767618103333081
PINN,1000.0,2,53.6,53.6847209201529,1.9155456340797627
PINN,1000.0,2,54.0,54.0863799435393,1.954813526395661
PINN,1000.0,2,54.400000000000006,54.488007107724485,1.9945664596904407
PINN,1000.0,2,54.800000000000004,54.88960077605356,2.0348053501274403
PINN,1000.0,2,55.2,55.2911592852343,2.0755310578988757
PINN,1000.0,2,55.6,55.69268094555972,2.1167443875203222
PINN,1000.0,2,56.0,56.09416404114782,2.1584460881442866
PINN,1000.0,2,56.400000000000006,56.495606830198646,2.2006368538922305
PINN,1000.0,2,56.800000000000004,56.897007545267435,2.2433173242044253
PINN,1000.0,2,57.2,57.29836439355395,2.286488084207136
PINN,1000.0,2,57.6,57.699675557206895,2.3301496650964455
PINN,1000.0,2,58.0,58.10093919364324,2.374302544538271
PINN,1000.0,2,58.400000000000006,58.502153435881745,2.4189471470838018
PINN,1000.0,2,58.800000000000004,58.90331639289022,2.464083844600001
PINN,1000.0,2,59.2,59.304426149945975,2.5097129567143925
PINN,1000.0,2,59.6,59.70548076900896,2.5558347512737405
PINN,1000.0,2,60.0,60.10647828910681,2.602449444815808
PINN,1000.0,2,60.400000000000006,60.507416726732004,2.649557203053963
PINN,1000.0,2,60.800000000000004,60.90829407624928,2.6971581413737296
PINN,1000.0,2,61.2,61.30910831031473,2.7452523253409744
PINN,1000.0,2,61.6,61.70985738030383,2.793839771220993
PINN,1000.0,2,62.0,62.11053921675004,2.8429204465081446
PINN,1000.0,2,62.400000000000006,62.5111517297918,2.8924942704652827
PINN,1000.0,2,62.800000000000004,62.91169280962853,2.942561114672632
PINN,1000.0,2,63.2,63.31216032698453,2.9931208035854127
PINN,1000.0,2,63.6,63.71255213358079,3.04417311509987
PINN,1000.0,2,64.0,64.11286606261369,3.0957177811270666
PINN,1000.0,2,64.4,64.51309992924082,3.1477544881739403
PINN,1000.0,2,64.8,64.91325153107267,3.2002828779311687
PINN,1000.0,2,65.2,65.31331864867067,3.253302547867396
PINN,1000.0,2,65.60000000000001,65.7132990460501,3.3068130518292222
PINN,1000.0,2,66.0,66.11319047118866,3.360813900646526
PINN,1000.0,2,66.4,66.51299065653907,3.415304562742726
PINN,1000.0,2,66.8,66.91269731954621,3.470284464749431
PINN,1000.0,2,67.2,67.31230816316801,3.5257529921250947
PINN,1000.0,2,67.60000000000001,67.71182087639941,3.5817094897771575
PINN,1000.0,2,68.0,68.11123313480026,3.6381532626873843
PINN,1000.0,2,68.4,68.51054260102462,3.695083576539784
PINN,1000.0,2,68.8,68.90974692535349,3.7524996583509393
PINN,1000.0,2,69.2,69.30884374622894,3.8104006971020943
PINN,1000.0,2,69.60000000000001,69.70783069079008,3.868785844372794
PINN,1000.0,2,70.0,70.10670537540997,3.927654214975646
PINN,1000.0,2,70.4,70.50546540623415,3.9870048875917585
PINN,1000.0,2,70.8,70.90410837971915,4.046836905406612
PINN,1000.0,2,71.2,71.30263188317184,4.107149276745921
PINN,1000.0,2,71.60000000000001,71.70103349528858,4.167940975711149
PINN,1000.0,2,72.0,72.09931078669413,4.229210942814478
PINN,1000.0,2,72.4,72.49746132048033,4.290958085612642
PINN,1000.0,2,72.8,72.89548265274374,4.353181279339612
PINN,1000.0,2,73.2,73.2933723331222,4.415879367537616
PINN,1000.0,2,73.60000000000001,73.69112790533049,4.479051162686297
PINN,1000.0,2,74.0,74.08874690769393,4.542695446829703
PINN,1000.0,2,74.4,74.48622687368075,4.606810972200831
PINN,1000.0,2,74.8,74.88356533243206,4.671396461843468
PINN,1000.0,2,75.2,75.28075980928978,4.736450610231058
PINN,1000.0,2,75.60000000000001,75.6778078263223,4.801972083882408
PINN,1000.0,2,76.0,76.07470690284717,4.867959521973888
PINN,1000.0,2,76.4,76.4714545559514,4.934411536947992
PINN,1000.0,2,76.80000000000001,76.86804830100843,5.001326715118065
PINN,1000.0,2,77.2,77.26448565219196,5.0687036172688185
PINN,1000.0,2,77.60000000000001,77.66076412298688,5.13654077925268
PINN,1000.0,2,78.0,78.056881226696,5.204836712581579
PINN,1000.0,2,78.4,78.45283447694358,5.273589905014093
PINN,1000.0,2,78.80000000000001,78.84862138817493,5.3427988211377215
PINN,1000.0,2,79.2,79.24423947615226,5.412461902946257
PINN,1000.0,2,79.60000000000001,79.63968625844583,5.482577570411877
PINN,1000.0,2,80.0,80.03495925492169,5.553144222052002
データのみ NN,,2,0.0,0.0,-0.0
データのみ NN,,2,0.4,0.396022331042889,-0.002486800371750638
データのみ NN,,2,0.8,0.7921973388980831,-0.004782790866259816
データのみ NN,,2,1.2000000000000002,1.1885216215269923,-0.006886766701623919
データのみ NN,,2,1.6,1.5849918404735284,-0.008797525361180926
データのみ NN,,2,2.0,1.981604720908161,-0.010513866975158232
データのみ NN,,2,2.4000000000000004,2.3783570516439885,-0.012034594707487519
データのみ NN,,2,2.8000000000000003,2.775245685124869,-0.013358515147583388
データのみ NN,,2,3.2,3.172267537385677,-0.014484438706867882
データのみ NN,,2,3.6,3.5694195879847355,-0.015411180019827345
データのみ NN,,2,4.0,3.966698879908555,-0.01613755834936858
データのみ NN,,2,4.4,4.364102519448972,-0.01666239799625382
データのみ NN,,2,4.800000000000001,4.7616276760528375,-0.016984528712358705
データのみ NN,,2,5.2,5.1592715821444255,-0.017102786117527993
データのみ NN,,2,5.6000000000000005,5.557031532920726,-0.01701601211977012
データのみ NN,,2,6.0,5.954904886119814,-0.016723055338533434
データのみ NN,,2,6.4,6.352889061762577,-0.016222771530814018
データのみ NN,,2,6.800000000000001,6.750981541867942,-0.01551402401981949
データのみ NN,,2,7.2,7.149179870141953,-0.01459568412593107
データのみ NN,,2,7.6000000000000005,7.54748165164095,-0.013466631599677679
データのみ NN,,2,8.0,7.945884552409109,-0.012125755056450985
データのみ NN,,2,8.4,8.344386299090734,-0.010571952412686096
データのみ NN,,2,8.8,8.74298467851759,-0.008804131323206092
データのみ NN,,2,9.200000000000001,9.141677537271613,-0.006821209619457783
データのみ NN,,2,9.600000000000001,9.540462781223457,-0.004622115748333889
データのみ NN,,2,10.0,9.939338375047166,-0.0022057892112982078
データのみ NN,,2,10.4,10.33830234171144,0.00042881899649308697
データのみ NN,,2,10.8,10.737352761947914,0.0032827459473665317
データのみ NN,,2,11.200000000000001,11.13648777369685,0.0063570163429092896
データのみ NN,,2,11.600000000000001,11.535705571530752,0.009652642076654705
データのみ NN,,2,12.0,11.935004406056342,0.013170621797961177
データのみ NN,,2,12.4,12.334382583295422,0.016911940477431674
データのみ NN,,2,12.8,12.733838464045,0.020877568974127826
データのみ NN,,2,13.200000000000001,13.133370463217398,0.02506846360492692
データのみ NN,,2,13.600000000000001,13.532977049160674,0.029485565716308372
データのみ NN,,2,14.0,13.932656742959985,0.03412980125888205
データのみ NN,,2,14.4,14.332408117720474,0.03900208036496375
データのみ NN,,2,14.8,14.732229797832128,0.044103296929504265
データのみ NN,,2,15.200000000000001,15.132120458217324,0.049434328194676865
データのみ NN,,2,15.600000000000001,15.532078823561516,0.05499603433842036
データのみ NN,,2,16.0,15.932103667527722,0.06078925806724961
データのみ NN,,2,16.400000000000002,16.3321938119554,0.06681482421362539
データのみ NN,,2,16.8,16.732348126044325,0.07307353933817379
データのみ NN,,2,17.2,17.13256552552403,0.07956619133707458
データのみ NN,,2,17.6,17.53284497180954,0.0862935490548699
データのみ NN,,2,18.0,17.933185471143876,0.09325636190301848
データのみ NN,,2,18.400000000000002,18.33358607372815,0.10045535948446505
データのみ NN,,2,18.8,18.734045872839673,0.10789125122449097
データのみ NN,,2,19.200000000000003,19.13456400393891,0.11556472600815444
データのみ NN,,2,19.6,19.53513964376579,0.12347645182455777
データのみ NN,,2,20.0,19.935772009426117,0.13162707541823304
データのみ NN,,2,20.400000000000002,20.33646035746864,0.14001722194789348
データのみ NN,,2,20.8,20.737203982953545,0.148647494652819
データのみ NN,,2,21.200000000000003,21.13800221851282,0.1575184745271228
データのみ NN,,2,21.6,21.53885443340346,0.16663072000212537
データのみ NN,,2,22.0,21.939760032553806,0.17598476663711665
データのみ NN,,2,22.400000000000002,22.340718455603973,0.18558112681869549
データのみ NN,,2,22.8,22.74172917594077,0.19542028946893178
データのみ NN,,2,23.200000000000003,23.142791699727955,0.205502719762591
データのみ NN,,2,23.6,23.543905564932352,0.2158288588535837
データのみ NN,,2,24.0,23.945070340346405,0.2263991236108841
データのみ NN,,2,24.400000000000002,24.346285624608125,0.23721390636412526
データのみ NN,,2,24.8,24.747551045218486,0.24827357465900834
データのみ NN,,2,25.200000000000003,25.148866257557607,0.25957847102275505
データのみ NN,,2,25.6,25.550230943899592,0.2711289127397675
データのみ NN,,2,26.0,25.951644812427368,0.282925191637642
データのみ NN,,2,26.400000000000002,26.353107596247455,0.29496757388371986
データのみ NN,,2,26.8,26.75461905240583,0.30725629979230357
データのみ NN,,2,27.200000000000003,27.156178960905,0.3197915836426946
データのみ NN,,2,27.6,27.557787123723294,0.33257361350815906
データのみ NN,,2,28.0,27.95944336383652,0.34560255109598376
データのみ NN,,2,28.400000000000002,28.361147524242995,0.35887853159870065
データのみ NN,,2,28.8,28.762899466992057,0.3724016635565841
データのみ NN,,2,29.200000000000003,29.16469907221698,0.3861720287315529
データのみ NN,,2,29.6,29.566546237172517,0.40018968199251875
データのみ NN,,2,30.0,29.968440875277878,0.4144546512122699
データのみ NN,,2,30.400000000000002,30.37038291516535,0.42896693717598916
データのみ NN,,2,30.8,30.772372299735373,0.4437265135014147
データのみ NN,,2,31.200000000000003,31.174408985218285,0.458733326570705
データのみ NN,,2,31.6,31.576492940243366,0.47398729547409224
データのみ NN,,2,32.0,31.9786241449156,0.48948831196526515
データのみ NN,,2,32.4,32.380802589900625,0.5052362404285954
データのみ NN,,2,32.800000000000004,32.78302827551828,0.5212309178581356
データのみ NN,,2,33.2,33.18530121084513,0.537472153848459
データのみ NN,,2,33.6,33.587621412826564,0.5539597305972583
データのみ NN,,2,34.0,33.98998890539858,0.5706934029197577
データのみ NN,,2,34.4,34.39240371861989,0.5876728982748624
データのみ NN,,2,34.800000000000004,34.794865887814616,0.6048979168030156
データのみ NN,,2,35.2,35.197375452725886,0.6223681313757311
データのみ NN,,2,35.6,35.599932456680754,0.6400831876567352
データのみ NN,,2,36.0,36.00253694576679,0.6580427041746427
データのみ NN,,2,36.4,36.40518896802051,0.6762462724071274
データのみ NN,,2,36.800000000000004,36.807888572628144,0.6946934568764495
データのみ NN,,2,37.2,37.21063580913882,0.7133837952563156
データのみ NN,,2,37.6,37.61343072669078,0.732316798489902
データのみ NN,,2,38.0,38.01627337325024,0.7514919509189999
データのみ NN,,2,38.400000000000006,38.41916379486412,0.770908710424092
データのみ NN,,2,38.800000000000004,38.82210203492571,0.790566508575318
データのみ NN,,2,39.2,39.225088133454655,0.810464750794138
データのみ NN,,2,39.6,39.62812212639041,0.8306028165255492
データのみ NN,,2,40.0,40.0312040449003,0.8509800594207722
データのみ NN,,2,40.400000000000006,40.434333914701526,0.8715958075301764
データのみ NN,,2,40.800000000000004,40.83751175539783,0.8924493635063175
データのみ NN,,2,41.2,41.24073757983102,0.9135400048169261
データのみ NN,,2,41.6,41.64401139344675,0.9348669839676639
データのみ NN,,2,42.0,42.04733319367578,0.9564295287344469
データのみ NN,,2,42.400000000000006,42.45070296932987,0.9782268424051568
データのみ NN,,2,42.800000000000004,42.85412070001294,1.000258104030592
データのみ NN,,2,43.2,43.257586355547524,1.0225224686843553
データのみ NN,,2,43.6,43.661099895416235,1.0450190677316082
データのみ NN,,2,44.0,44.06466126821889,1.0677470091063306
データのみ NN,,2,44.400000000000006,44.46827041114484,1.0907053775969922
データのみ NN,,2,44.800000000000004,44.87192724946077,1.1138932351403694
データのみ NN,,2,45.2,45.27563169601397,1.1373096211232698
データのみ NN,,2,45.6,45.679383650751156,1.1609535526919414
データのみ NN,,2,46.0,46.08318300025262,1.1848240250689568
データのみ NN,,2,46.400000000000006,46.48702961728211,1.2089200118772976
データのみ NN,,2,46.800000000000004,46.8909233603518,1.23324046547145
データのみ NN,,2,47.2,47.294864073303174,1.257784317275175
データのみ NN,,2,47.6,47.69885158490291,1.282550478125854
データのみ NN,,2,48.0,48.10288570845438,1.3075378386250016
データのみ NN,,2,48.400000000000006,48.506966241424365,1.3327452694948019
データのみ NN,,2,48.800000000000004,48.91109296508497,1.35817162194038
データのみ NN,,2,49.2,49.31526564417082,1.3838157280175287
データのみ NN,,2,49.6,49.71948402655137,1.4096764010057035
データのみ NN,,2,50.0,50.123747842918114,1.4357524357859361
データのみ NN,,2,50.400000000000006,50.52805680648666,1.4620426092234857
データのみ NN,,2,50.800000000000004,50.93241061271386,1.4885456805549202
データのみ NN,,2,51.2,51.33680893902951,1.5152603917793988
データのみ NN,,2,51.6,51.74125144458243,1.5421854680538747
データのみ NN,,2,52.0,52.14573777000137,1.5693196180919446
データのみ NN,,2,52.400000000000006,52.55026753716998,1.5966615345661428
データのみ NN,,2,52.800000000000004,52.95484034901605,1.6242098945133343
データのみ NN,,2,53.2,53.35945578931486,1.6519633597430528
データのみ NN,,2,53.6,53.76411342250616,1.679920577248418
データのみ NN,,2,54.0,54.16881279352538,1.7080801796194396
データのみ NN,,2,54.400000000000006,54.573553427647866,1.7364407854584467
データのみ NN,,2,54.800000000000004,54.97833483034698,1.765000999797393
データのみ NN,,2,55.2,55.38315648716521,1.7937594145167537
データのみ NN,,2,55.6,55.7880178635983,1.8227146087657857
データのみ NN,,2,56.0,56.19291840499257,1.8518651493839287
データのみ NN,,2,56.400000000000006,56.597857536454725,1.8812095913230655
データのみ NN,,2,56.800000000000004,57.00283466277412,1.9107464780703887
データのみ NN,,2,57.2,57.407849168357636,1.9404743420717139
データのみ NN,,2,57.6,57.81290041717648,1.9703917051548991
データのみ NN,,2,58.0,58.21798775272515,2.0004970789532193
データのみ NN,,2,58.400000000000006,58.623110497991824,2.0307889653283975
データのみ NN,,2,58.800000000000004,59.02826795544066,2.0612658567931854
データのみ NN,,2,59.2,59.43345940700536,2.091926236933071
データのみ NN,,2,59.6,59.83868411409372,2.122768580827138
データのみ NN,,2,60.0,60.24394131760339,2.1537913554676513
データのみ NN,,2,60.400000000000006,60.6492302379482,2.1849930201783176
データのみ NN,,2,60.800000000000004,61.05455007509495,2.2163720270308658
データのみ NN,,2,61.2,61.459900008610944,2.247926821259911
データのみ NN,,2,61.6,61.86527919772108,2.2796558416757784
データのみ NN,,2,62.0,62.27068678137517,2.311557521075131
データのみ NN,,2,62.400000000000006,62.67612187832505,2.343630286649236
データのみ NN,,2,62.800000000000004,63.0815835872108,2.3758725603896864
データのみ NN,,2,63.2,63.48707098665669,2.4082827594913576
データのみ NN,,2,63.6,63.8925831353758,2.4408592967524716
データのみ NN,,2,64.0,64.29811907228364,2.4736005809715733
データのみ NN,,2,64.4,64.70367781662054,2.5065050173412686
データのみ NN,,2,64.8,65.10925836808214,2.5395710078385996
データのみ NN,,2,65.2,65.51485970695852,2.57279695161181
データのみ NN,,2,65.60000000000001,65.92048079428078,2.6061812453634534
データのみ NN,,2,66.0,66.326120571976,2.639722283729658
データのみ NN,,2,66.4,66.73177796302939,2.6734184596554007
データのみ NN,,2,66.8,67.13745187165394,2.7072681647656878
データのみ NN,,2,67.2,67.5431411834672,2.741269789732506
データのみ NN,,2,67.60000000000001,67.94884476567508,2.775421724637383
データのみ NN,,2,68.0,68.35456146726239,2.809722359329529
データのみ NN,,2,68.4,68.7602901191899,2.8441700837793538
データのみ NN,,2,68.8,69.1660295345978,2.8787632884273244
データのみ NN,,2,69.2,69.5717785090152,2.9135003645280073
データのみ NN,,2,69.60000000000001,69.97753582057585,2.9483797044892777
データのみ NN,,2,70.0,70.3833002302392,2.983399702206477
データのみ NN,,2,70.4,70.78907048201752,3.0185587533916243
データのみ NN,,2,70.8,71.194845303208,3.0538552558973704
データのみ NN,,2,71.2,71.6006234046302,3.0892876100358393
データのみ NN,,2,71.60000000000001,72.00640348086849,3.1248542188921475
データのみ NN,,2,72.0,72.41218421051916,3.1605534886325737
データのみ NN,,2,72.4,72.81796425644252,3.1963838288073476
データのみ NN,,2,72.8,73.22374226601892,3.2323436526479696
データのみ NN,,2,73.2,73.62951687140949,3.2684313773590192
データのみ NN,,2,73.60000000000001,74.03528668982065,3.304645424404403
データのみ NN,,2,74.0,74.44105032377271,3.340984219788052
データのみ NN,,2,74.4,74.84680636137212,3.377446194328926
データのみ NN,,2,74.8,75.25255337658733,3.4140297839303866
データのみ NN,,2,75.2,75.65828992952814,3.450733429843945
データのみ NN,,2,75.60000000000001,76.06401456672789,3.4875555789271435
データのみ NN,,2,76.0,76.4697258214292,3.5244946838958597
データのみ NN,,2,76.4,76.87542221387248,3.5615492035708387
データのみ NN,,2,76.80000000000001,77.2811022515869,3.59871760311837
データのみ NN,,2,77.2,77.68676442968435,3.6359983542853254
データのみ NN,,2,77.60000000000001,78.09240723115562,3.673389935628377
データのみ NN,,2,78.0,78.49802912716892,3.7108908327374532
データのみ NN,,2,78.4,78.90362857737054,3.7484995384534745
データのみ NN,,2,78.80000000000001,79.3092040301874,3.786214553080284
データのみ NN,,2,79.2,79.7147539231318,3.82403438459089
データのみ NN,,2,79.60000000000001,80.12027668310739,3.861957548827983
データのみ NN,,2,80.0,80.52577072671708,3.8999825696987243
非線形最小二乗,,2,0.0,0.0,0.0
非線形最小二乗,,2,0.4,0.399999999996557,8.725323889657977e-07
非線形最小二乗,,2,0.8,0.7999999999463765,6.980259112382317e-06
非線形最小二乗,,2,1.2000000000000002,1.1999999995815382,2.355837449774295e-05
非線形最小二乗,,2,1.6,1.5999999982291029,5.584207284609908e-05
非線形最小二乗,,2,2.0,1.9999999946499005,0.00010906654842960336
非線形最小二乗,,2,2.4000000000000004,2.3999999866905006,0.00018846699530216646
非線形最小二乗,,2,2.8000000000000003,2.7999999712057764,0.0002992786072435139
非線形最小二乗,,2,3.2,3.1999999438402447,0.0004467365775372065
非線形最小二乗,,2,3.6,3.5999998988484574,0.000636076098867018
非線形最小二乗,,2,4.0,3.999999828726516,0.0008725323624489112
非線形最小二乗,,2,4.4,4.399999724128264,0.0011613405578516593
非線形最小二乗,,2,4.800000000000001,4.7999995737295365,0.001507735872502483
非線形最小二乗,,2,5.2,5.199999363957698,0.0019169534911318126
非線形最小二乗,,2,5.6000000000000005,5.599999078748435,0.002394228594389323
非線形最小二乗,,2,6.0,5.999998699253776,0.0029447963572934678
非線形最小二乗,,2,6.4,6.3999982038372085,0.0035738919492023886
非線形最小二乗,,2,6.800000000000001,6.799997567799134,0.004286750531800397
非線形最小二乗,,2,7.2,7.199996763217146,0.005088607258675533
非線形最小二乗,,2,7.6000000000000005,7.599995758582508,0.005984697271273919
非線形最小二乗,,2,8.0,7.9999945185877515,0.006980255696801124
非線形最小二乗,,2,8.4,8.39999300412659,0.008080517648220688
非線形最小二乗,,2,8.8,8.79999117201117,0.009290718220519318
非線形最小二乗,,2,9.200000000000001,9.199988974786333,0.010616092489507838
非線形最小二乗,,2,9.600000000000001,9.599986360417484,0.012061875505871388
非線形最小二乗,,2,10.0,9.999983272004,0.013633302290424844
非線形最小二乗,,2,10.4,10.399979647779231,0.015335607834112848
非線形最小二乗,,2,10.8,10.799975420967856,0.017174027094918397
非線形最小二乗,,2,11.200000000000001,11.199970519382042,0.019153794990749047
非線形最小二乗,,2,11.600000000000001,11.599964865376222,0.02128014639768122
非線形最小二乗,,2,12.0,11.99995837534978,0.023558316137019517
非線形最小二乗,,2,12.4,12.399950959722675,0.025993538974709605
非線形最小二乗,,2,12.8,12.799942522924782,0.02859104962098332
非線形最小二乗,,2,13.200000000000001,13.199932962951259,0.03135608271680539
非線形最小二乗,,2,13.600000000000001,13.59992217134442,0.034293872835523674
非線形最小二乗,,2,14.0,13.999910032743422,0.03740965446486513
非線形最小二乗,,2,14.4,14.399896424659067,0.04070866199882743
非線形最小二乗,,2,14.8,14.799881217473809,0.04419612973767879
非線形最小二乗,,2,15.200000000000001,15.19986427435183,0.04787729188392009
非線形最小二乗,,2,15.600000000000001,15.599845450722439,0.05175738252143732
非線形最小二乗,,2,16.0,15.999824594368297,0.055841635619769694
非線形最小二乗,,2,16.400000000000002,16.399801544848106,0.06013528500423601
非線形最小二乗,,2,16.8,16.79977613342189,0.06464356435232413
非線形最小二乗,,2,17.2,17.199748183051017,0.06937170719369119
非線形最小二乗,,2,17.6,17.599717508178706,0.07432494689727252
非線形最小二乗,,2,18.0,17.999683914323427,0.079508516650644
非線形最小二乗,,2,18.400000000000002,18.399647198054748,0.08492764945610859
非線形最小二乗,,2,18.8,18.799607146482373,0.0905875780969354
非線形最小二乗,,2,19.200000000000003,19.199563537242796,0.09649353513652376
非線形最小二乗,,2,19.6,19.599516138496913,0.10265075291821546
非線形最小二乗,,2,20.0,19.999464708511844,0.10906446353416512
非線形最小二乗,,2,20.400000000000002,20.399408995550218,0.11573989882070436
非線形最小二乗,,2,20.8,20.799348737533897,0.1226822903273608
非線形最小二乗,,2,21.200000000000003,21.199283661748627,0.12989686929245245
非線形最小二乗,,2,21.6,21.59921348484401,0.1373888666430872
非線形最小二乗,,2,22.0,21.999137912768205,0.14516351298891453
非線形最小二乗,,2,22.400000000000002,22.39905664025394,0.15322603857586856
非線形最小二乗,,2,22.8,22.798969350869314,0.161581673291816
非線形最小二乗,,2,23.200000000000003,23.198875716493852,0.1702356466109221
非線形最小二乗,,2,23.6,23.598775397229776,0.1791931875847241
非線形最小二乗,,2,24.0,23.998668041402052,0.18845952484213183
非線形最小二乗,,2,24.400000000000002,24.398553285268594,0.19803988655640883
非線形最小二乗,,2,24.8,24.798430752747826,0.2079395004179171
非線形最小二乗,,2,25.200000000000003,25.198300055219512,0.21816359360613422
非線形最小二乗,,2,25.6,25.598160791171065,0.2287173927458673
非線形最小二乗,,2,26.0,25.99801254619709,0.23960612390719604
非線形最小二乗,,2,26.400000000000002,26.39785489291031,0.2508350125932076
非線形最小二乗,,2,26.8,26.797687390480597,0.26240928367980376
非線形最小二乗,,2,27.200000000000003,27.197509584619954,0.27433416141296746
非線形最小二乗,,2,27.6,27.59732100710597,0.2866148693374897
非線形最小二乗,,2,28.0,27.997121175733216,0.29925663028997934
非線形最小二乗,,2,28.400000000000002,28.396909594291138,0.31226466639525746
非線形最小二乗,,2,28.8,28.79668575214399,0.32564419900049113
非線形最小二乗,,2,29.200000000000003,29.196449124169497,0.33940044866775504
非線形最小二乗,,2,29.6,29.59619917032566,0.3535386350973877
非線形最小二乗,,2,30.0,29.995935335520528,0.36806397710593397
非線形最小二乗,,2,30.400000000000002,30.39565704960858,0.38298169262546117
非線形最小二乗,,2,30.8,30.795363727052685,0.39829699864160567
非線形最小二乗,,2,31.200000000000003,31.19505476677185,0.41401511116908396
非線形最小二乗,,2,31.6,31.59472955179195,0.43014124517991
非線形最小二乗,,2,32.0,31.99438744904264,0.4466806145636103
非線形最小二乗,,2,32.4,32.39402780935713,0.46363843212716815
非線形最小二乗,,2,32.800000000000004,32.79364996719425,0.4810199095365719
非線形最小二乗,,2,33.2,33.19325324042152,0.49883025727495306
非線形最小二乗,,2,33.6,33.59283693002666,0.5170746845748067
非線形最小二乗,,2,34.0,33.992400319873084,0.5357583993633364
非線形最小二乗,,2,34.4,34.39194267669995,0.5548866082624466
非線形最小二乗,,2,34.800000000000004,34.79146324986629,0.5744645165277567
非線形最小二乗,,2,35.2,35.19096127111708,0.594497327996683
非線形最小二乗,,2,35.6,35.59043595430917,0.6149902450159846
非線形最小二乗,,2,36.0,35.98988649516308,0.6359484683791057
非線形最小二乗,,2,36.4,36.38931207126253,0.657377197326038
非線形最小二乗,,2,36.800000000000004,36.78871184178758,0.6792816294718893
非線形最小二乗,,2,37.2,37.188084947303835,0.7016669607542805
非線形最小二乗,,2,37.6,37.587430509463005,0.724538385345369
非線形最小二乗,,2,38.0,37.986747630782645,0.7479010955895677
非線形最小二乗,,2,38.400000000000006,38.38603539464265,0.7717602820024638
非線形最小二乗,,2,38.800000000000004,38.78529286498783,0.7961211331821911
非線形最小二乗,,2,39.2,39.18451908615923,0.8209888357625766
非線形最小二乗,,2,39.6,39.5837130825517,0.8463685743020414
非線形最小二乗,,2,40.0,39.98287385844085,0.8722655312291808
非線形最小二乗,,2,40.400000000000006,40.38200039797025,0.8986848868384401
非線形最小二乗,,2,40.800000000000004,40.781091664819286,0.9256318191806914
非線形最小二乗,,2,41.2,41.18014660207332,0.953111504022845
非線形最小二乗,,2,41.6,41.5791641318447,0.9811291147125458
非線形最小二乗,,2,42.0,41.97814315515305,1.0096898221365747
非線形最小二乗,,2,42.400000000000006,42.377082551892705,1.038798794708739
非線形最小二乗,,2,42.800000000000004,42.77598118047488,1.0684611982403933
非線形最小二乗,,2,43.2,43.174837877718055,1.098682195901045
非線形最小二乗,,2,43.6,43.573651458455856,1.1294669480649497
非線形最小二乗,,2,44.0,43.97242071546653,1.1608206122841465
非線形最小二乗,,2,44.400000000000006,44.371144419405056,1.1927483432608366
非線形最小二乗,,2,44.800000000000004,44.76982131844157,1.2252552927043585
非線形最小二乗,,2,45.2,45.16845013814321,1.2583466092814566
非線形最小二乗,,2,45.6,45.5670295811016,1.292027438457115
非線形最小二乗,,2,46.0,45.965558326900585,1.3263029224810403
非線形最小二乗,,2,46.400000000000006,46.36403503199142,1.3611782003322053
非線形最小二乗,,2,46.800000000000004,46.762458329364144,1.3966584075774702
非線形最小二乗,,2,47.2,47.160826828383705,1.4327486762933868
非線形最小二乗,,2,47.6,47.55913911447311,1.469454134918811
非線形最小二乗,,2,48.0,47.95739374910511,1.5067799082511062
非線形最小二乗,,2,48.400000000000006,48.35558926959107,1.5447311173439306
非線形最小二乗,,2,48.800000000000004,48.753724188842746,1.5833128793967113
非線形最小二乗,,2,49.2,49.15179699511144,1.6225303076189743
非線形最小二乗,,2,49.6,49.5498061517656,1.66238851111791
非線形最小二乗,,2,50.0,49.94775009728253,1.702892594893903
非線形最小二乗,,2,50.400000000000006,50.34562724495345,1.7440476596856687
非線形最小二乗,,2,50.800000000000004,50.7434359827384,1.7858588018973907
非線形最小二乗,,2,51.2,51.14117467291601,1.8283311134020086
非線形最小二乗,,2,51.6,51.5388416519595,1.8714696814731433
非線形最小二乗,,2,52.0,51.93643523050171,1.915279588764743
非線形最小二乗,,2,52.400000000000006,52.33395369299796,1.9597659131198706
非線形最小二乗,,2,52.800000000000004,52.73139529761284,2.00493372750601
非線形最小二乗,,2,53.2,53.12875827585155,2.050788099791283
非線形最小二乗,,2,53.6,53.526040832501714,2.0973340927098363
非線形最小二乗,,2,54.0,53.923241145550165,2.1445767638095674
非線形最小二乗,,2,54.400000000000006,54.320357365849,2.192521165247935
非線形最小二乗,,2,54.800000000000004,54.71738761698431,2.241172343705551
非線形最小二乗,,2,55.2,55.114329994942445,2.290535340167482
非線形最小二乗,,2,55.6,55.511182568090874,2.3406151899109306
非線形最小二乗,,2,56.0,55.90794337702087,2.39141692239845
非線形最小二乗,,2,56.400000000000006,56.304610434272966,2.4429455610976003
非線形最小二乗,,2,56.800000000000004,56.701181724137406,2.4952061233360423
非線形最小二乗,,2,57.2,57.09765520239757,2.5482036201201015
非線形最小二乗,,2,57.6,57.49402879632569,2.601943056131669
非線形最小二乗,,2,58.0,57.89030040443298,2.656429429545008
非線形最小二乗,,2,58.400000000000006,58.286467896302476,2.7116677319096945
非線形最小二乗,,2,58.800000000000004,58.682529112284286,2.767662947912528
非線形最小二乗,,2,59.2,59.0784818633425,2.8244200552606333
非線形最小二乗,,2,59.6,59.47432393103571,2.8819440246656987
非線形最小二乗,,2,60.0,59.870053067211344,2.9402398196027537
非線形最小二乗,,2,60.400000000000006,60.265666993893305,2.9993123962234565
非線形最小二乗,,2,60.800000000000004,60.66116340293497,3.059166703064133
非線形最小二乗,,2,61.2,61.056539955939854,3.1198076809803093
非線形最小二乗,,2,61.6,61.45179428420919,3.181240263101093
非線形最小二乗,,2,62.0,61.84692398842047,3.243469374556292
非線形最小二乗,,2,62.400000000000006,62.241926638522116,3.306499932383223
非線形最小二乗,,2,62.800000000000004,62.6367997733976,3.370336845222049
非線形最小二乗,,2,63.2,63.031540900831324,3.4349850132853836
非線形最小二乗,,2,63.6,63.42614749740719,3.5004493282630644
非線形最小二乗,,2,64.0,63.82061700821141,3.5667346730509357
非線形最小二乗,,2,64.4,64.21494684669679,3.6338459216155172
非線形最小二乗,,2,64.8,64.6091343943935,3.7017879387110533
非線形最小二乗,,2,65.2,65.00317700089946,3.770565579870266
非線形最小二乗,,2,65.60000000000001,65.39707198371374,3.840183691235337
非線形最小二乗,,2,66.0,65.79081662800647,3.910647109332816
非線形最小二乗,,2,66.4,66.1844081864173,3.981960660854665
非線形最小二乗,,2,66.8,66.5778438788384,4.054129162428892
非線形最小二乗,,2,67.2,66.9711208924113,4.127157420616183
非線形最小二乗,,2,67.60000000000001,67.3642363812934,4.201050231653476
非線形最小二乗,,2,68.0,67.75718746651306,4.275812381303045
非線形最小二乗,,2,68.4,68.14997123569223,4.351448644527184
非線形最小二乗,,2,68.8,68.54258474290845,4.427963785330551
非線形最小二乗,,2,69.2,68.93502500868125,4.5053625567435365
非線形最小二乗,,2,69.60000000000001,69.32728901970042,4.5836497004999925
非線形最小二乗,,2,70.0,69.71937372872682,4.662829946924172
非線形最小二乗,,2,70.4,70.11127605428484,4.742908014540511
非線形最小二乗,,2,70.8,70.50299288057924,4.823888609970517
非線形最小二乗,,2,71.2,70.89452105746378,4.905776427891411
非線形最小二乗,,2,71.60000000000001,71.28585740015562,4.988576150669576
非線形最小二乗,,2,72.0,71.67699868915379,5.072292448255194
非線形最小二乗,,2,72.4,72.06794166993289,5.156929977760404
非線形最小二乗,,2,72.8,72.45868305289578,5.242493383395532
非線形最小二乗,,2,73.2,72.84921951331995,5.3289872963922535
非線形最小二乗,,2,73.60000000000001,73.23954769107755,5.416416334613746
非線形最小二乗,,2,74.0,73.62966419055316,5.504785102433031
非線形最小二乗,,2,74.4,74.01956558035772,5.594098190303683
非線形最小二乗,,2,74.8,74.4092483933036,5.68436017472346
非線形最小二乗,,2,75.2,74.79870912632668,5.775575618112143
非線形最小二乗,,2,75.60000000000001,75.18794424022681,5.867749068418788
非線形最小二乗,,2,76.0,75.57695015957354,5.960885058963727
非線形最小二乗,,2,76.4,75.96572327245042,6.054988108019155
非線形最小二乗,,2,76.80000000000001,76.35425993044352,6.150062718790838
非線形最小二乗,,2,77.2,76.74255644853912,6.246113379242623
非線形最小二乗,,2,77.60000000000001,77.13060910489536,6.3431445617193685
非線形最小二乗,,2,78.0,77.51841414072935,6.441160722735986
非線形最小二乗,,2,78.4,77.90596776009639,6.540166302579701
非線形最小二乗,,2,78.80000000000001,78.29326612988558,6.640165725302607
非線形最小二乗,,2,79.2,78.68030537971835,6.741163398532346
非線形最小二乗,,2,79.60000000000001,79.06708160167283,6.843163712956395
非線形最小二乗,,2,80.0,79.45359085022794,6.946171042202375
